-- CODICE SQL RELATIVO ALLA SOFTWARE HOUSE "KeplerSoftware"


--      ELIMINAZIONE DELLE TABELLE SE GIA ESISTENTI     --
DROP VIEW IF EXISTS stipendi_uscite;
DROP VIEW IF EXISTS max_stipendio_per_sede;

DROP TABLE IF EXISTS Test;
DROP TABLE IF EXISTS Assegnazione;
DROP TABLE IF EXISTS Valutazione;
DROP TABLE IF EXISTS Accordo;
DROP TABLE IF EXISTS Contratto;
DROP TABLE IF EXISTS Cliente;
DROP TABLE IF EXISTS Retribuzioni;
DROP TABLE IF EXISTS Modulo;
DROP TABLE IF EXISTS Progetto;
DROP TABLE IF EXISTS Dipendente;
DROP TABLE IF EXISTS Transazione;
DROP TABLE IF EXISTS Sede;
DROP TABLE IF EXISTS Transazione;
DROP TABLE IF EXISTS Modulo;
DROP TABLE IF EXISTS Progetto;
DROP TABLE IF EXISTS Dipendente;
DROP TABLE IF EXISTS Sede;






--      ELIMINAZIONE DEI TIPI SE GIA ESISTENTI      --
DROP TYPE IF EXISTS tipo_dip;
DROP TYPE IF EXISTS tipo;



--      CREAZIONE DEI TIPI      --
CREATE TYPE tipo_dip AS ENUM ('Direttore', 'Manager Generale', 'Manager Progetto', 'Sviluppatore', 'Tester', 'Addetto Marketing');
CREATE TYPE tipo AS ENUM ('Uscita', 'Entrata', 'Fattura', 'Stipendio');


--      CREAZIONE DELLE TABELLE     --


--TABELLA SEDE
CREATE TABLE Sede (
	id_sede INT NOT NULL,
	n_civico CHAR(5) NOT NULL,
	via VARCHAR(20) NOT NULL,
	citta VARCHAR(20) NOT NULL,
	provincia CHAR(2) NOT NULL,
	cap CHAR(5) NOT NULL,
	PRIMARY KEY (id_sede)
);

--TABELLA DIPENDENTE
CREATE TABLE Dipendente (
    id_dip INT NOT NULL,
    id_sede INT NOT NULL,
    nome VARCHAR (20) NOT NULL,
    cognome VARCHAR (20) NOT NULL,
    tipologia tipo_dip NOT NULL,
    data_nascita DATE NOT NULL,
	UNIQUE (id_dip),
    PRIMARY KEY (id_dip, id_sede),
    FOREIGN KEY (id_sede) REFERENCES Sede(id_sede) ON UPDATE CASCADE ON DELETE CASCADE
);

--TABELLA PROGETTO
CREATE TABLE Progetto (
	id_prog INT NOT NULL,
	id_manager INT,
	nome_prog VARCHAR(20) NOT NULL,
	descrizione VARCHAR(100),
	data_inizio DATE,
	PRIMARY KEY (id_prog),
	FOREIGN KEY (id_manager) REFERENCES Dipendente(id_dip)
);

--TABELLA MODULO
CREATE TABLE Modulo (
	id_modulo INT NOT NULL,
	id_prog INT NOT NULL,
	UNIQUE (id_modulo),
	PRIMARY KEY (id_modulo, id_prog),
	FOREIGN KEY (id_prog) REFERENCES Progetto(id_prog) ON UPDATE CASCADE ON DELETE CASCADE
);

--TABELLA TRANSAZIONE
CREATE TABLE Transazione (
    id_trz INT NOT NULL,
    id_sede INT NOT NULL,
    tipo_trz tipo NOT NULL,
    saldo INT NOT NULL CHECK (saldo <> 0),
    descrizione VARCHAR (300),
    data_trz DATE NOT NULL,
	UNIQUE (id_trz),
    PRIMARY KEY (id_trz, id_sede),
    FOREIGN KEY (id_sede) REFERENCES Sede(id_sede) ON UPDATE CASCADE ON DELETE CASCADE,
    CHECK (((tipo_trz = 'Uscita' OR tipo_trz = 'Stipendio') AND saldo < 0) or ((tipo_trz = 'Entrata' OR tipo_trz = 'Fattura') and saldo > 0))
);

--TABELLA RETRIBUZIONI
CREATE TABLE Retribuzioni (
    id_trz INT NOT NULL,
    id_dip INT NOT NULL,
    PRIMARY KEY (id_trz, id_dip),
	FOREIGN KEY (id_trz) REFERENCES Transazione(id_trz),
    FOREIGN KEY (id_dip) REFERENCES Dipendente(id_dip)
);

--TABELLA CLIENTE
CREATE TABLE Cliente (
    p_iva VARCHAR(11) NOT NULL,
    nome_azienda VARCHAR(50) NOT NULL,
    PRIMARY KEY (p_iva)
);

--TABELLA ACCORDO
CREATE TABLE Accordo (
   id_dip INT NOT NULL,
   p_iva VARCHAR(11) NOT NULL, 
   PRIMARY KEY (id_dip, p_iva),
   FOREIGN KEY (id_dip) REFERENCES Dipendente (id_dip),
   FOREIGN KEY (p_iva) REFERENCES Cliente (p_iva)
);

--TABELLA VALUTAZIONE
CREATE TABLE Valutazione (
    id_dip INT NOT NULL, 
    id_prog INT NOT NULL,
    esito BOOLEAN,
    PRIMARY KEY (id_dip, id_prog),
    FOREIGN KEY (id_dip) REFERENCES Dipendente (id_dip),
    FOREIGN KEY (id_prog) REFERENCES Progetto (id_prog)
);

--TABELLA ASSEGNAZIONE
CREATE TABLE Assegnazione (
    id_dip INT NOT NULL,
    id_modulo INT NOT NULL,
    PRIMARY KEY (id_dip, id_modulo),
    FOREIGN KEY (id_dip) REFERENCES Dipendente (id_dip),
    FOREIGN KEY (id_modulo) REFERENCES Modulo (id_modulo)
);

--TABELLA TEST
CREATE TABLE Test (
	id_test INT NOT NULL,
	id_dip INT NOT NULL,
	id_modulo INT NOT NULL,
	UNIQUE (id_test),
	PRIMARY KEY (id_test, id_modulo),
	FOREIGN KEY (id_modulo) REFERENCES Modulo(id_modulo),
	FOREIGN KEY (id_dip) REFERENCES Dipendente(id_dip)
);

--TABELLA CONTRATTO
CREATE TABLE Contratto (
    id_contratto INT NOT NULL,
    p_iva VARCHAR(11) NOT NULL,
    id_dip INT NOT NULL,
    descrizione VARCHAR(200),
    data_firma DATE NOT NULL,
	UNIQUE(id_contratto),
    PRIMARY KEY (id_contratto, p_iva, id_dip),
    FOREIGN KEY (p_iva) REFERENCES Cliente (p_iva),
    FOREIGN KEY (id_dip) REFERENCES Dipendente (id_dip)
);



--      INSERIMENTO DEI DATI NELLE TABELLE --

--INSERIMENTO TABELLA SEDE
INSERT INTO Sede(id_sede, n_civico, via, citta, provincia, cap)
VALUES
	(389, '81', 'Via Ospedale Civile', 'Padova', 'PD', '35121'),
	(437, '9', 'Via Tumedei Casalis', 'Carmagnola', 'TO', '10022'),
	(594, '74', 'Via Delle Pianazze', 'La Spezia', 'SP', '19136'),
	(239, '57', 'Via Torelli', 'Prato', 'PO', '59100'),
	(312, '2', 'Via Delle Gagliarde', 'Arezzo', 'AR', '52100');

--INSERIMENTO TABELLA DIPENDENTE
INSERT INTO Dipendente(id_dip, id_sede, nome, cognome, tipologia, data_nascita)
VALUES
    (212, 389, 'Ivan', 'Ocardi', 'Sviluppatore', '1990-4-16'),
    (423, 437, 'Leonardo', 'Gallenzi', 'Manager Generale', '1974-8-20'),
    (675, 594, 'Vanessa', 'Masciangoli', 'Addetto Marketing', '1998-8-29'),
    (764, 239, 'Enrica', 'Semilla', 'Sviluppatore', '1995-2-16'),
    (234, 312, 'Dionigi', 'Neffati', 'Manager Generale', '1994-2-18'),
    (119, 389, 'Ginevra', 'Grandia', 'Sviluppatore', '1992-7-25'),
    (777, 437, 'Maurizio', 'Przypalinski', 'Addetto Marketing',  '1987-2-28'),
    (723, 594, 'Guerino', 'Bonna', 'Sviluppatore',  '1991-1-25'),
    (609, 239, 'Selene', 'Saragni', 'Direttore', '1998-11-11'),
    (420, 312, 'Rosalia', 'Carogioiello', 'Addetto Marketing', '2001-12-3'),
    (690, 389, 'Tobia', 'Galizi', 'Tester', '1992-8-7'),
    (111, 437, 'Candido', 'Berod', 'Tester', '2002-4-14'),
    (309, 594, 'Remigio', 'Cicuzza', 'Direttore', '1977-11-22'),
    (543, 239, 'Telemaco', 'Formenti', 'Manager Progetto', '1986-3-24'),
    (890, 312, 'Geronimo', 'Scicchitano', 'Direttore', '1992-7-19'),
    (333, 389, 'Adriano', 'Polledrotti', 'Tester', '1989-5-23'),
    (677, 437, 'Stella', 'Giangiuli', 'Manager Progetto', '2004-3-23'),
    (334, 594, 'Ilario', 'Angrisano', 'Manager Progetto', '1978-9-3'),
    (124, 239, 'Iole', 'Navazzotti', 'Manager Progetto', '1991-9-8'),
    (999, 312, 'Valente', 'Journo', 'Sviluppatore', '1973-6-30'),
    (173, 389, 'Diodato', 'Cadice', 'Direttore', '1980-7-3'),
    (123, 437, 'Salomone', 'Nevoloso', 'Sviluppatore', '1995-11-5'),
    (432, 594, 'Ulrico', 'Groth', 'Sviluppatore', '1996-12-5'),
    (444, 239, 'Tizio', 'Camesaschi', 'Sviluppatore', '1974-12-25'),
    (998, 312, 'Ludovico', 'Deodati', 'Sviluppatore', '1986-4-3'),
    (787, 389, 'Michele', 'Ballabene', 'Tester', '1998-5-30'),
    (347, 437, 'Massimiliano', 'Sangues', 'Addetto Marketing', '1998-3-7'),
    (789, 594, 'Edmonda', 'Mughini', 'Tester', '1995-6-23'),
    (989, 239, 'Alessio', 'Rigli', 'Manager Generale', '1998-12-24'),
    (979, 312, 'Rosamunda', 'Chizzotti', 'Manager Progetto', '1988-4-9'),
    (595, 389, 'Diogene', 'Schiapelli', 'Tester', '1995-4-2'),
    (238, 437, 'Gaudenzia', 'Stramucci', 'Addetto Marketing', '1984-3-6'),
    (611, 594, 'Gianfranca', 'Orezzoli', 'Sviluppatore', '1994-6-6'),
    (511, 312, 'Gaspare', 'Strazzoso', 'Sviluppatore', '1989-4-17'),
    (281, 389, 'Andriano', 'Pontetti', 'Addetto Marketing', '1981-7-2'),
    (741, 437, 'Giusta', 'Bauer', 'Addetto Marketing', '1972-9-23'),
    (689, 594, 'Pippo', 'Colozzo', 'Addetto Marketing', '1992-7-30'),
    (589, 239, 'Crescenzo', 'Sciannamè', 'Addetto Marketing', '1973-9-24'),
    (699, 312, 'Melania', 'Pagliarello', 'Manager Generale', '1998-5-30'),
    (865, 389, 'Eusebia', 'Sammaritano', 'Manager Generale', '1973-10-13'),
    (698, 437, 'Walter', 'Hdada', 'Manager Generale', '1998-6-30'),
    (636, 594, 'Ruggero', 'Vadini', 'Addetto Marketing', '1975-10-30'),
    (652, 239, 'Saveria', 'Hercolani', 'Sviluppatore', '2003-9-8'),
    (430, 312, 'Giuditta', 'Ivani', 'Tester', '1974-6-11'),
    (122, 389, 'Andreina', 'Ghy', 'Manager Progetto', '1991-3-29'),
    (869, 437, 'Crescente', 'Lesley', 'Sviluppatore', '1973-4-30'),
    (326, 594, 'Brigida', 'Tenan', 'Tester', '1984-3-30'),
    (158, 239, 'Elena', 'Isaurini', 'Manager Progetto', '1996-12-30'),
    (405, 312, 'Miranda', 'Bansil', 'Addetto Marketing', '1979-4-1'),
    (156, 389, 'Elio', 'Posilippo', 'Sviluppatore', '1983-1-25'),
    (688, 437, 'Ottavia', 'Pastorcich', 'Manager Progetto', '1986-1-10'),
    (955, 594, 'Rocco', 'Modello', 'Manager Generale', '1999-4-9'),
    (932, 239, 'Romano', 'Maiorella', 'Tester', '1998-3-13'),
    (488, 312, 'Selene', 'Cuciubina', 'Sviluppatore', '1981-6-2'),
    (492, 389, 'Fulgenzio', 'Unterhuber', 'Tester', '1982-2-28'),
    (489, 437, 'Diletta', 'Zoldester', 'Sviluppatore', '1990-2-23'),
    (520, 594, 'Vittorio', 'Tovaiolo', 'Manager Progetto', '1989-4-18'),
    (684, 239, 'Alceste', 'Moschitto', 'Tester', '1989-3-31'),
    (340, 312, 'Geltrude', 'Patragnoni', 'Sviluppatore', '1987-1-20'),
    (417, 389, 'Concordia', 'Zucchi', 'Addetto Marketing', '1979-8-9'),
    (270, 437, 'Salvatore', 'Nitride', 'Manager Progetto', '1980-11-30'),
    (101, 594, 'Ireneo', 'Chiriac', 'Sviluppatore', '1995-2-26'),
    (664, 239, 'Guglielmina', 'Moirengo', 'Tester', '1978-9-11'),
    (513, 312, 'Orfeo', 'Pezzani', 'Addetto Marketing', '1978-11-5'),
    (714, 389, 'Silvio', 'Lucciardello', 'Sviluppatore', '1986-11-18'),
    (878, 437, 'Onorato', 'Agelli', 'Manager Progetto', '1976-4-14'),
    (422, 594, 'Rebecca', 'Mazzolai', 'Manager Generale', '1993-4-3'),
    (559, 239, 'Urania', 'Ducci', 'Sviluppatore', '1982-6-9'),
    (759, 312, 'Narciso', 'Sassini', 'Tester', '1988-2-19');
	
--INSERIMENTO TABELLA PROGETTO
INSERT INTO Progetto(id_prog, id_manager, nome_prog, descrizione, data_inizio)
VALUES
	(4239, 543, 'LWJGL', 'Libreria Java ottimizzata per sviluppo giochi', '2020-10-11'),
	(1028, 677, 'AirScan', 'Software per elaborazione dati condizioni dell''aria', '2020-09-11'),
	(3943, 334, 'ATM Intesa', 'Software ATM per banche Intesa Sanpaolo', '2021-12-16'),
	(5487, 124, 'MedData', 'Server Database + Front-end per ospedali', '2021-05-06'),
	(8912, 979, 'MathGFX', 'Motore grafico per Dip. di Matematica basato su OpenGL', '2020-05-20'),
	(5634, 979, 'MathSolver', 'Applicazione per risolvere problemi matematici complessi', '2022-05-20'),
	(9183, 677, 'GitPublisher', 'App per creare repository automatiche GitHub', '2019-06-22'),
	(2742, 543, 'PrePost', 'Software per la compilazione automatica di Pre e Post nei codici', '2020-03-12'),
	(9302, NULL, 'EZ Contability', 'Software di contabilita'' per azienda privata', NULL),
	(6923, NULL, 'Vera Linux', 'Distribuzione Linux basata su kernel LTS', NULL),
	(4942, NULL, 'KLogs', 'Software di logging interno', NULL),
	(9455, NULL, 'Bowling Manager', 'Software di amministrazione sale da Bowling', NULL),
	(7738, NULL, 'Emu32', 'Emulatore applicazioni 32-bit su sistemi a 64-bit', NULL),
	(3473, NULL, 'EmuDS', 'Emulatore ufficiale per nintendo DS', NULL),
	(9832, NULL, 'CountGas', 'Software che tiene conto delle oscillazioni di mercato del carburante', NULL),
	(2811, NULL, 'EasyFork', 'Permette di forkare le repo di github senza notifica', NULL);

--INSERIMENTO TABELLA MODULO
INSERT INTO Modulo(id_modulo, id_prog)
VALUES
	(92610, 4239),
	(70751, 4239),
	(26517, 4239),
	(60255, 4239),
	(96596, 1028),
	(99282, 1028),
	(43392, 1028),
	(51127, 1028),
	(47610, 3943),
	(30592, 3943),
	(21476, 3943),
	(57608, 3943),
	(85126, 5487),
	(42859, 5487),
	(41940, 5487),
	(34954, 5487),
	(63351, 8912),
	(38568, 8912),
	(11343, 8912),
	(34745, 8912),
	(86161, 9302),
	(82973, 9302),
	(88045, 9302),
	(41202, 9302),
	(43103, 6923),
	(51404, 6923),
	(25447, 6923),
	(96485, 6923),
	(50558, 4942),
	(12900, 4942),
	(88449, 4942),
	(82132, 4942),
	(82194, 9455),
	(65102, 9455),
	(69633, 9455),
	(94768, 9455),
	(69420, 7738),
	(74354, 7738),
	(25401, 7738),
	(65628, 7738);

--INSERIMENTO TABELLA TRANSAZIONE
INSERT INTO Transazione (id_trz, id_sede, tipo_trz, saldo, descrizione, data_trz)
VALUES
    --Uscite per la sede 389
    (1, 389, 'Uscita', -1230, 'Manutenzione impianto elettrico reparto amministrazione', '2020-12-1' ),
    (2, 389, 'Uscita', -3234, 'Acquisto due computer per sviluppatori', '2021-4-17' ),
    (3, 389, 'Uscita', -240, 'Rifornimento merende secondo piano', '2022-3-14'),
    (4, 389, 'Uscita', -1221, 'Computer portatile per sviluppatore', '2022-3-14'),
    (5, 389, 'Uscita', -23000, 'Ristrutturazione pavimento piano terzo', '2017-9-21'),
    (6, 389, 'Uscita', -100, 'Macchina del caffè per amministratore piano 2', '2021-7-29'),

    --Entrate per la sede 389
    (7, 389, 'Entrata', 10000, 'Vendita licenza', '2022-1-31'),
    (8, 389, 'Entrata', 3020, 'Vendita piccolo software', '2020-9-29'),
    (9, 389, 'Entrata', 2550, 'Vendita piccolo software', '2019-5-11'),
    (10, 389, 'Entrata', 6700, 'Vendita licenza', '2021-7-15'),
    (11, 389, 'Entrata', 9800, 'Vendita licenza', '2022-3-10'),
    (12, 389, 'Entrata', 29422, 'Vendita licenza', '2022-4-5'),

    --Fatture per la sede 389
    (13, 389, 'Fattura', 350, 'Fattura per consulenza', '2022-5-14'),
    (14, 389, 'Fattura', 1000, 'Fattura per consulenza', '2022-2-19'),
    (15, 389, 'Fattura', 920, 'Fattura per consulenza', '2022-3-27'),
    (16, 389, 'Fattura', 4500, 'Fattura vendita', '2022-4-23'),
    (17, 389, 'Fattura', 1200, 'Fattura computer assemblato', '2022-4-19'),
    (18, 389, 'Fattura', 300, 'Fattura per consulenza', '2022-5-12'),

    --Stipendi per la sede 389
    (19, 389, 'Stipendio', -1500, 'Retribuzione dipendente', '2022-1-1'),
    (20, 389, 'Stipendio', -2000, 'Retribuzione dipendente', '2022-4-1'),
    (21, 389, 'Stipendio', -1250, 'Retribuzione dipendente', '2022-3-15'),
    (22, 389, 'Stipendio', -1220, 'Retribuzione dipendente', '2022-2-19'),
    (23, 389, 'Stipendio', -2500, 'Retribuzione dipendente', '2022-3-11'),
    (24, 389, 'Stipendio', -3500, 'Retribuzione dipendente', '2022-2-2'),

    --Uscite per la sede 437
    (25, 437, 'Uscita', -300, 'Nuovo climatizzatore ufficio incontri', '2021-10-9'),
    (26, 437, 'Uscita', -5700, 'Acquisto nuovi dispositivi', '2020-10-7'),
    (27, 437, 'Uscita', -650, 'Postazione da gaming di prova', '2022-3-4'),
    (28, 437, 'Uscita', -2300, 'Nuove console da testing videogiochi', '2021-6-26'),
    (29, 437, 'Uscita', -4500, 'Nuovi pc per dipendenti', '2020-7-20'),
    (30, 437, 'Uscita', -3000, 'Nuova postazione simulatore', '2021-11-17'),

    --Entrate per la sede 437
    (31, 437, 'Entrata', 5000, 'Vendita piccolo software', '2019-6-20'),
    (32, 437, 'Entrata', 9500, 'Vendita licenza', '2021-12-10'),
    (33, 437, 'Entrata', 15000, 'Vendita licenza', '2022-4-29'),
    (34, 437, 'Entrata', 150, 'Consulenza', '2022-1-23'),
    (35, 437, 'Entrata', 3000, 'Vendita piccolo software', '2021-5-27'),
    (36, 437, 'Entrata', 1000000, 'Vendita licenza', '2022-1-1'),

    --Fatture per la sede 437
    (37, 437, 'Fattura', 400, 'Fattura per consulenza', '2020-05-14'),
    (38, 437, 'Fattura', 350, 'Fattura per consulenza',  '2020-12-13'),
    (39, 437, 'Fattura', 2300, 'Fattura per computer assemblato', '2021-10-13'),
    (40, 437, 'Fattura', 1000, 'Fattura per consulenza', '2021-12-04'),
    (41, 437, 'Fattura', 1500, 'Fattura per computer assemblato', '2022-08-20'),
    (42, 437, 'Fattura', 150, 'Fattura per consulenza', '2020-07-22'),

    --Stipendi per la sede 437
    (43, 437, 'Stipendio', -2000, 'Retribuzione dipendente', '2022-2-4'),
    (44, 437, 'Stipendio', -1750, 'Retribuzione dipendente', '2022-5-5'),
    (45, 437, 'Stipendio', -1300, 'Retribuzione dipendente', '2022-2-21'),
    (46, 437, 'Stipendio', -1200, 'Retribuzione dipendente', '2022-5-8'),
    (47, 437, 'Stipendio', -1350, 'Retribuzione dipendente', '2022-5-13'),
    (48, 437, 'Stipendio', -3500, 'Retribuzione dipendente', '2022-3-24'),

    --Uscite per la sede 594
    (49, 594, 'Uscita', -1300, 'Nuove console da testing videogiochi', '2021-5-23'),
    (50, 594, 'Uscita', -2500, 'Nuovo pc', '2022-3-19'),
    (51, 594, 'Uscita', -3000, 'Nuovo pc per test gaming', '2021-12-29'),
    (52, 594, 'Uscita', -6000, 'Nuove postazioni per riparazione computer e telefoni', '2022-5-14'),
    (53, 594, 'Uscita', -1200, 'Nuove console da testing videogiochi', '2021-8-27'),
    (54, 594, 'Uscita', -3000, 'Componentistica varia', '2021-10-11'),

    --Entrate per la sede 594
    (55, 594, 'Entrata', 19755, 'Vendita licenza', '2020-07-18'),
    (56, 594, 'Entrata', 1000, 'Vendita piccolo software', '2021-04-05'),
    (57, 594, 'Entrata', 750, 'Consulenza a cliente', '2021-07-05'),
    (58, 594, 'Entrata', 13937, 'Vendita licenza', '2021-07-30'),
    (59, 594, 'Entrata', 2000, 'Vendita piccolo software', '2022-05-05'),
    (60, 594, 'Entrata', 3450, 'Vendita computer da gaming', '2022-11-17'),

    --Fatture per la sede 594
    (61, 594, 'Fattura', 1300, 'Fattura per computer da gaming', '2020-04-17'),
    (62, 594, 'Fattura', 500, 'Fattura per consulenza', '2020-07-24'),
    (63, 594, 'Fattura', 350, 'Fattura per consulenza', '2021-01-01'),
    (64, 594, 'Fattura', 1200, 'Fattura per computer da gaming', '2021-01-25'),
    (65, 594, 'Fattura', 1500, 'Fattura per computer da gaming', '2021-03-04'),
    (66, 594, 'Fattura', 400, 'Fattura per consulenza', '2021-04-01'),

    --Stipendi per la sede 594
    (67, 594, 'Stipendio', -1250, 'Retribuzione dipendente', '2022-01-23'),
    (68, 594, 'Stipendio', -1349, 'Retribuzione dipendente', '2022-02-04'),
    (69, 594, 'Stipendio', -2500, 'Retribuzione dipendente', '2022-03-03'),
    (70, 594, 'Stipendio', -3437, 'Retribuzione dipendente', '2022-03-19'),
    (71, 594, 'Stipendio', -2145, 'Retribuzione dipendente', '2022-03-21'),
    (72, 594, 'Stipendio', -1789, 'Retribuzione dipendente', '2022-03-25'),

    --Uscite per la sede 239
    (73, 239, 'Uscita', -1350, 'Nuovo pc', '2020-05-31'),
    (74, 239, 'Uscita', -20000, 'Ampliamento sede piano 4', '2020-07-03'),
    (75, 239, 'Uscita', -6000, 'Nuove postazioni', '2020-12-18'),
    (76, 239, 'Uscita', -850, 'Componentistica', '2021-02-11'),
    (77, 239, 'Uscita', -700, 'Componentistica', '2021-03-29'),
    (78, 239, 'Uscita', -600, 'Spese avvocato', '2021-05-20'), 

    --Entrate per la sede 239
    (79, 239, 'Entrata', 50000, 'Vendita licenza', '2020-08-03'),
    (80, 239, 'Entrata', 3500, 'Vendita pc', '2020-08-23'),
    (81, 239, 'Entrata', 2343, 'Vendita piccolo software', '2021-12-29'),
    (82, 239, 'Entrata', 600, 'Consulenza', '2022-04-16'),
    (83, 239, 'Entrata', 9800, 'Vendita piccola licenza', '2022-05-01'),
    (84, 239, 'Entrata', 12200, 'Vendita licenza', '2022-05-07'),

    --Fatture per la sede 239
    (85, 239, 'Fattura', 400, 'Fattura per consulenza', '2020-10-28'),
    (86, 239, 'Fattura', 1290, 'Fattura per pc', '2021-04-06'),
    (87, 239, 'Fattura', 120, 'Fattura per piccola consulenza', '2021-06-07'),
    (88, 239, 'Fattura', 900, 'Fattura per consulenza', '2021-06-18'),
    (89, 239, 'Fattura', 750, 'Fattura per consulenza', '2021-07-07'),
    (90, 239, 'Fattura', 100, 'Fattura per consulenza', '2021-11-11'),

    --Stipendi per la sede 239
    (91, 239, 'Stipendio', -1256, 'Retribuzione dipendente', '2022-01-16'),
    (92, 239, 'Stipendio', -2300, 'Retribuzione dipendente', '2022-02-27'),
    (93, 239, 'Stipendio', -1800, 'Retribuzione dipendente', '2022-03-07'),
    (94, 239, 'Stipendio', -1450, 'Retribuzione dipendente', '2022-03-26'),
    (95, 239, 'Stipendio', -1275, 'Retribuzione dipendente', '2022-04-03'),
    (96, 239, 'Stipendio', -1900, 'Retribuzione dipendente', '2022-04-27'),

    --Uscite per la sede 312
    (97, 312, 'Uscita', -30000, 'Acquisizione di licenza', '2020-02-22'),
    (98, 312, 'Uscita', -405, 'Spese componentistica', '2020-05-14'),
    (99, 312, 'Uscita', -2100, 'Nuovo computer', '2020-06-25'),
    (100, 312, 'Uscita', -300, 'Componentistica', '2021-06-17'),
    (101, 312, 'Uscita', -450, 'Attrezzatura', '2021-08-13'),
    (102, 312, 'Uscita', -1200, 'Promozione pubblicitaria', '2022-03-11'),

    --Entrate per la sede 312
    (103, 312, 'Entrata', 34000, 'Vendita licenza', '2020-06-18'),
    (104, 312, 'Entrata', 1000, 'Vendita piccolo software', '2020-08-10'),
    (105, 312, 'Entrata', 200, 'Componentistica', '2020-11-03'),
    (106, 312, 'Entrata', 1050, 'Componentistica', '2020-11-26'),
    (107, 312, 'Entrata', 3000, 'Vendita computer', '2021-04-03'),
    (108, 312, 'Entrata', 450, 'Componentistica', '2021-06-06'),

    --Fatture per la sede 312
    (109, 312, 'Fattura', 280, 'Fattura per consulenza', '2020-02-27'),
    (110, 312, 'Fattura', 1200, 'Fattura per software', '2020-03-01'),
    (111, 312, 'Fattura', 560, 'Fattura per consulenza', '2020-06-20'),
    (112, 312, 'Fattura', 800, 'Fattura per piccolo software', '2020-07-06'),
    (113, 312, 'Fattura', 700, 'Fattura per piccolo software', '2021-04-01'),
    (114, 312, 'Fattura', 350, 'Fattura per consulenza', '2021-10-20'),

    --Stipendi per la sede 312
    (115, 312, 'Stipendio', -2900, 'Retribuzione dipendente', '2022-01-02'),
    (116, 312, 'Stipendio', -2000, 'Retribuzione dipendente', '2022-02-18'),
    (117, 312, 'Stipendio', -3500, 'Retribuzione dipendente', '2022-02-27'),
    (118, 312, 'Stipendio', -1340, 'Retribuzione dipendente', '2022-03-07'),
    (119, 312, 'Stipendio', -1670, 'Retribuzione dipendente', '2022-04-03'),
    (120, 312, 'Stipendio', -1254, 'Retribuzione dipendente', '2022-05-10'),
	
    (121, 239, 'Uscita', -15202, NULL, '2020/11/8'),
    (122, 239, 'Uscita', -18394, NULL, '2022/1/17'),
    (123, 239, 'Uscita', -18670, NULL, '2019/6/11'),
    (124, 239, 'Uscita', -4304, NULL, '2020/9/5'),
    (125, 239, 'Uscita', -19410, NULL, '2020/4/25'),
    (126, 239, 'Uscita', -7400, NULL, '2020/10/5'),
    (127, 239, 'Uscita', -19886, NULL, '2020/7/11'),
    (128, 239, 'Uscita', -14939, NULL, '2020/2/20'),
    (129, 239, 'Uscita', -7078, NULL, '2021/7/1'),
    (130, 239, 'Uscita', -16711, NULL, '2022/7/4'),
    (131, 239, 'Uscita', -9359, NULL, '2021/7/14'),
    (132, 239, 'Uscita', -5752, NULL, '2022/10/17'),
    (133, 239, 'Uscita', -3542, NULL, '2020/10/1'),
    (134, 239, 'Uscita', -18979, NULL, '2021/12/26'),
    (135, 239, 'Uscita', -14305, NULL, '2019/10/3'),
    (136, 239, 'Uscita', -9493, NULL, '2019/8/24'),
    (137, 239, 'Uscita', -18201, NULL, '2019/2/18'),
    (138, 239, 'Uscita', -5919, NULL, '2020/6/8'),
    (139, 239, 'Uscita', -10738, NULL, '2021/9/3'),
    (140, 239, 'Uscita', -5347, NULL, '2020/11/16'),
    (141, 239, 'Uscita', -7267, NULL, '2020/9/25'),
    (142, 239, 'Uscita', -12028, NULL, '2021/9/23'),
    (143, 239, 'Uscita', -14794, NULL, '2022/9/15'),
    (144, 239, 'Uscita', -5270, NULL, '2022/12/9'),
    (145, 239, 'Uscita', -10493, NULL, '2021/3/14'),
    (146, 239, 'Uscita', -18291, NULL, '2022/10/27'),
    (147, 239, 'Uscita', -1839, NULL, '2022/10/10'),
    (148, 239, 'Uscita', -13044, NULL, '2021/12/9'),
    (149, 239, 'Uscita', -3823, NULL, '2021/2/2'),
    (150, 239, 'Uscita', -6364, NULL, '2019/3/14'),
    (151, 239, 'Uscita', -5052, NULL, '2020/6/25'),
    (152, 239, 'Uscita', -19749, NULL, '2019/6/2'),
    (153, 239, 'Uscita', -12742, NULL, '2020/12/27'),
    (154, 239, 'Uscita', -13206, NULL, '2019/9/12'),
    (155, 239, 'Uscita', -16858, NULL, '2022/12/18'),
    (156, 239, 'Uscita', -4941, NULL, '2019/10/18'),
    (157, 239, 'Uscita', -3335, NULL, '2022/9/17'),
    (158, 239, 'Uscita', -14585, NULL, '2021/1/4'),
    (159, 239, 'Uscita', -7708, NULL, '2019/3/23'),
    (160, 239, 'Uscita', -2266, NULL, '2021/9/22'),
    (161, 239, 'Uscita', -11548, NULL, '2022/3/4'),
    (162, 239, 'Uscita', -5137, NULL, '2019/12/17'),
    (163, 239, 'Uscita', -7034, NULL, '2021/2/9'),
    (164, 239, 'Uscita', -13323, NULL, '2021/6/18'),
    (165, 239, 'Uscita', -5118, NULL, '2020/11/5'),
    (166, 239, 'Uscita', -1633, NULL, '2019/5/22'),
    (167, 239, 'Uscita', -2948, NULL, '2022/10/13'),
    (168, 239, 'Uscita', -9965, NULL, '2019/3/19'),
    (169, 239, 'Uscita', -7616, NULL, '2021/7/19'),
    (170, 239, 'Uscita', -14937, NULL, '2021/6/10'),
    (171, 239, 'Uscita', -8030, NULL, '2020/12/6'),
    (172, 239, 'Uscita', -6261, NULL, '2021/12/14'),
    (173, 239, 'Uscita', -11089, NULL, '2021/4/12'),
    (174, 239, 'Uscita', -10797, NULL, '2021/7/19'),
    (175, 239, 'Uscita', -16543, NULL, '2019/9/16'),
    (176, 239, 'Uscita', -16876, NULL, '2020/11/4'),
    (177, 239, 'Uscita', -17520, NULL, '2022/10/22'),
    (178, 239, 'Uscita', -17748, NULL, '2021/4/26'),
    (179, 239, 'Uscita', -4404, NULL, '2021/10/3'),
    (180, 239, 'Uscita', -8832, NULL, '2020/1/21'),
    (181, 239, 'Uscita', -7526, NULL, '2022/1/20'),
    (182, 239, 'Uscita', -14937, NULL, '2021/7/16'),
    (183, 239, 'Uscita', -19117, NULL, '2021/11/15'),
    (184, 239, 'Uscita', -9213, NULL, '2022/7/27'),
    (185, 239, 'Uscita', -6973, NULL, '2020/6/25'),
    (186, 239, 'Uscita', -12771, NULL, '2021/8/26'),
    (187, 239, 'Uscita', -16061, NULL, '2022/7/27'),
    (188, 239, 'Uscita', -18990, NULL, '2022/5/24'),
    (189, 239, 'Uscita', -14763, NULL, '2020/5/11'),
    (190, 239, 'Uscita', -10172, NULL, '2020/2/13'),
    (191, 239, 'Uscita', -16463, NULL, '2022/7/27'),
    (192, 239, 'Uscita', -1325, NULL, '2022/11/14'),
    (193, 239, 'Uscita', -8218, NULL, '2020/6/16'),
    (194, 239, 'Uscita', -11955, NULL, '2022/6/14'),
    (195, 239, 'Uscita', -8945, NULL, '2020/3/25'),
    (196, 239, 'Uscita', -7013, NULL, '2019/9/22'),
    (197, 239, 'Uscita', -19707, NULL, '2020/7/16'),
    (198, 239, 'Uscita', -2066, NULL, '2021/2/15'),
    (199, 239, 'Uscita', -7293, NULL, '2020/5/28'),
    (200, 239, 'Uscita', -3655, NULL, '2022/11/19'),
    (201, 239, 'Uscita', -19564, NULL, '2019/1/16'),
    (202, 239, 'Uscita', -13912, NULL, '2021/6/5'),
    (203, 239, 'Uscita', -8772, NULL, '2020/10/24'),
    (204, 239, 'Uscita', -17694, NULL, '2022/6/3'),
    (205, 239, 'Uscita', -11943, NULL, '2022/1/27'),
    (206, 239, 'Uscita', -6449, NULL, '2022/1/13'),
    (207, 239, 'Uscita', -1030, NULL, '2020/1/26'),
    (208, 239, 'Uscita', -10160, NULL, '2019/3/1'),
    (209, 239, 'Uscita', -6760, NULL, '2020/5/18'),
    (210, 239, 'Uscita', -12342, NULL, '2022/3/7'),
    (211, 239, 'Uscita', -13222, NULL, '2019/3/13'),
    (212, 239, 'Uscita', -14183, NULL, '2020/11/3'),
    (213, 239, 'Uscita', -10725, NULL, '2019/5/18'),
    (214, 239, 'Uscita', -8087, NULL, '2019/3/12'),
    (215, 239, 'Uscita', -17015, NULL, '2022/10/6'),
    (216, 239, 'Uscita', -6104, NULL, '2022/12/23'),
    (217, 239, 'Uscita', -5467, NULL, '2022/5/18'),
    (218, 239, 'Uscita', -18773, NULL, '2020/9/14'),
    (219, 239, 'Uscita', -9224, NULL, '2022/3/15'),
    (220, 239, 'Uscita', -16995, NULL, '2019/3/17'),
    (221, 239, 'Entrata', 12929, NULL, '2022/9/13'),
    (222, 239, 'Entrata', 15713, NULL, '2022/1/14'),
    (223, 239, 'Entrata', 13668, NULL, '2022/5/25'),
    (224, 239, 'Entrata', 13267, NULL, '2020/3/20'),
    (225, 239, 'Entrata', 1252, NULL, '2022/10/16'),
    (226, 239, 'Entrata', 13672, NULL, '2020/2/14'),
    (227, 239, 'Entrata', 18935, NULL, '2019/11/19'),
    (228, 239, 'Entrata', 14717, NULL, '2020/9/26'),
    (229, 239, 'Entrata', 17104, NULL, '2019/5/23'),
    (230, 239, 'Entrata', 5689, NULL, '2021/5/19'),
    (231, 239, 'Entrata', 11060, NULL, '2020/9/25'),
    (232, 239, 'Entrata', 10254, NULL, '2021/5/16'),
    (233, 239, 'Entrata', 4072, NULL, '2020/6/20'),
    (234, 239, 'Entrata', 5881, NULL, '2022/8/23'),
    (235, 239, 'Entrata', 1041, NULL, '2020/3/2'),
    (236, 239, 'Entrata', 11368, NULL, '2022/6/11'),
    (237, 239, 'Entrata', 8800, NULL, '2021/3/26'),
    (238, 239, 'Entrata', 17554, NULL, '2019/10/11'),
    (239, 239, 'Entrata', 4451, NULL, '2019/5/21'),
    (240, 239, 'Entrata', 8171, NULL, '2019/12/22'),
    (241, 239, 'Entrata', 18468, NULL, '2020/11/14'),
    (242, 239, 'Entrata', 14607, NULL, '2022/9/25'),
    (243, 239, 'Entrata', 13371, NULL, '2021/5/24'),
    (244, 239, 'Entrata', 18169, NULL, '2020/12/26'),
    (245, 239, 'Entrata', 13178, NULL, '2021/9/26'),
    (246, 239, 'Entrata', 6745, NULL, '2021/12/9'),
    (247, 239, 'Entrata', 2466, NULL, '2022/6/7'),
    (248, 239, 'Entrata', 6482, NULL, '2020/8/4'),
    (249, 239, 'Entrata', 12614, NULL, '2021/8/28'),
    (250, 239, 'Entrata', 4323, NULL, '2021/10/2'),
    (251, 239, 'Entrata', 15676, NULL, '2019/5/5'),
    (252, 239, 'Entrata', 3267, NULL, '2021/8/16'),
    (253, 239, 'Entrata', 6052, NULL, '2019/7/24'),
    (254, 239, 'Entrata', 6146, NULL, '2019/11/11'),
    (255, 239, 'Entrata', 18609, NULL, '2019/3/4'),
    (256, 239, 'Entrata', 3482, NULL, '2021/11/26'),
    (257, 239, 'Entrata', 12359, NULL, '2020/4/6'),
    (258, 239, 'Entrata', 9763, NULL, '2020/1/7'),
    (259, 239, 'Entrata', 10638, NULL, '2021/11/7'),
    (260, 239, 'Entrata', 12954, NULL, '2019/5/14'),
    (261, 239, 'Entrata', 2144, NULL, '2022/11/22'),
    (262, 239, 'Entrata', 12871, NULL, '2020/11/8'),
    (263, 239, 'Entrata', 17244, NULL, '2022/8/14'),
    (264, 239, 'Entrata', 1709, NULL, '2019/5/25'),
    (265, 239, 'Entrata', 11678, NULL, '2021/6/12'),
    (266, 239, 'Entrata', 1163, NULL, '2019/7/28'),
    (267, 239, 'Entrata', 12341, NULL, '2021/6/18'),
    (268, 239, 'Entrata', 6607, NULL, '2022/5/17'),
    (269, 239, 'Entrata', 1885, NULL, '2022/4/12'),
    (270, 239, 'Entrata', 17845, NULL, '2022/1/26'),
    (271, 239, 'Entrata', 16385, NULL, '2022/2/16'),
    (272, 239, 'Entrata', 12129, NULL, '2022/12/21'),
    (273, 239, 'Entrata', 5524, NULL, '2020/11/5'),
    (274, 239, 'Entrata', 12675, NULL, '2022/12/19'),
    (275, 239, 'Entrata', 8882, NULL, '2019/7/7'),
    (276, 239, 'Entrata', 15294, NULL, '2021/8/2'),
    (277, 239, 'Entrata', 10327, NULL, '2020/2/23'),
    (278, 239, 'Entrata', 17612, NULL, '2022/4/2'),
    (279, 239, 'Entrata', 13457, NULL, '2021/2/12'),
    (280, 239, 'Entrata', 8332, NULL, '2019/1/14'),
    (281, 239, 'Entrata', 11751, NULL, '2020/9/21'),
    (282, 239, 'Entrata', 3438, NULL, '2019/11/14'),
    (283, 239, 'Entrata', 4048, NULL, '2021/10/17'),
    (284, 239, 'Entrata', 12350, NULL, '2020/10/11'),
    (285, 239, 'Entrata', 15491, NULL, '2019/9/8'),
    (286, 239, 'Entrata', 9839, NULL, '2019/5/7'),
    (287, 239, 'Entrata', 9629, NULL, '2021/10/20'),
    (288, 239, 'Entrata', 16642, NULL, '2020/11/19'),
    (289, 239, 'Entrata', 2186, NULL, '2021/9/18'),
    (290, 239, 'Entrata', 1425, NULL, '2021/6/23'),
    (291, 239, 'Entrata', 8832, NULL, '2022/7/2'),
    (292, 239, 'Entrata', 19090, NULL, '2020/7/14'),
    (293, 239, 'Entrata', 5258, NULL, '2019/12/2'),
    (294, 239, 'Entrata', 14759, NULL, '2020/4/18'),
    (295, 239, 'Entrata', 12068, NULL, '2019/5/17'),
    (296, 239, 'Entrata', 9387, NULL, '2019/7/14'),
    (297, 239, 'Entrata', 5739, NULL, '2022/10/12'),
    (298, 239, 'Entrata', 19333, NULL, '2019/8/22'),
    (299, 239, 'Entrata', 13020, NULL, '2021/1/12'),
    (300, 239, 'Entrata', 3182, NULL, '2021/6/13'),
    (301, 239, 'Entrata', 19671, NULL, '2019/12/11'),
    (302, 239, 'Entrata', 12210, NULL, '2021/1/20'),
    (303, 239, 'Entrata', 13271, NULL, '2019/2/27'),
    (304, 239, 'Entrata', 3519, NULL, '2020/4/5'),
    (305, 239, 'Entrata', 11448, NULL, '2020/3/21'),
    (306, 239, 'Entrata', 17476, NULL, '2020/4/1'),
    (307, 239, 'Entrata', 3292, NULL, '2019/4/24'),
    (308, 239, 'Entrata', 8692, NULL, '2019/8/1'),
    (309, 239, 'Entrata', 1943, NULL, '2020/1/11'),
    (310, 239, 'Entrata', 11782, NULL, '2019/1/21'),
    (311, 239, 'Entrata', 4969, NULL, '2020/5/2'),
    (312, 239, 'Entrata', 11618, NULL, '2020/9/23'),
    (313, 239, 'Entrata', 15511, NULL, '2021/3/18'),
    (314, 239, 'Entrata', 4192, NULL, '2020/4/28'),
    (315, 239, 'Entrata', 2270, NULL, '2019/7/28'),
    (316, 239, 'Entrata', 18919, NULL, '2022/11/24'),
    (317, 239, 'Entrata', 12240, NULL, '2021/2/7'),
    (318, 239, 'Entrata', 12628, NULL, '2019/9/11'),
    (319, 239, 'Entrata', 4458, NULL, '2020/3/18'),
    (320, 239, 'Entrata', 15978, NULL, '2022/7/2'),
    (321, 312, 'Uscita', -14441, NULL, '2019/5/15'),
    (322, 312, 'Uscita', -18586, NULL, '2020/2/25'),
    (323, 312, 'Uscita', -18868, NULL, '2020/10/8'),
    (324, 312, 'Uscita', -16415, NULL, '2021/8/6'),
    (325, 312, 'Uscita', -13937, NULL, '2020/9/9'),
    (326, 312, 'Uscita', -8296, NULL, '2020/2/7'),
    (327, 312, 'Uscita', -13428, NULL, '2022/3/23'),
    (328, 312, 'Uscita', -11281, NULL, '2021/9/14'),
    (329, 312, 'Uscita', -17243, NULL, '2019/2/6'),
    (330, 312, 'Uscita', -17386, NULL, '2020/5/20'),
    (331, 312, 'Uscita', -14354, NULL, '2019/12/1'),
    (332, 312, 'Uscita', -12484, NULL, '2019/9/14'),
    (333, 312, 'Uscita', -8380, NULL, '2019/5/12'),
    (334, 312, 'Uscita', -18731, NULL, '2020/4/16'),
    (335, 312, 'Uscita', -14951, NULL, '2022/7/26'),
    (336, 312, 'Uscita', -10653, NULL, '2020/8/6'),
    (337, 312, 'Uscita', -1722, NULL, '2020/10/27'),
    (338, 312, 'Uscita', -5747, NULL, '2020/3/11'),
    (339, 312, 'Uscita', -10758, NULL, '2020/4/9'),
    (340, 312, 'Uscita', -13401, NULL, '2020/9/9'),
    (341, 312, 'Uscita', -18726, NULL, '2022/11/22'),
    (342, 312, 'Uscita', -10927, NULL, '2022/12/5'),
    (343, 312, 'Uscita', -11503, NULL, '2020/10/11'),
    (344, 312, 'Uscita', -13821, NULL, '2021/7/16'),
    (345, 312, 'Uscita', -15405, NULL, '2019/1/12'),
    (346, 312, 'Uscita', -6358, NULL, '2021/5/25'),
    (347, 312, 'Uscita', -19179, NULL, '2022/3/22'),
    (348, 312, 'Uscita', -13746, NULL, '2021/10/14'),
    (349, 312, 'Uscita', -14112, NULL, '2019/5/18'),
    (350, 312, 'Uscita', -11017, NULL, '2020/7/6'),
    (351, 312, 'Uscita', -8856, NULL, '2021/11/15'),
    (352, 312, 'Uscita', -11397, NULL, '2020/10/28'),
    (353, 312, 'Uscita', -12088, NULL, '2019/6/16'),
    (354, 312, 'Uscita', -13959, NULL, '2020/10/27'),
    (355, 312, 'Uscita', -12820, NULL, '2020/8/2'),
    (356, 312, 'Uscita', -12765, NULL, '2021/4/1'),
    (357, 312, 'Uscita', -17675, NULL, '2022/1/26'),
    (358, 312, 'Uscita', -4912, NULL, '2019/12/10'),
    (359, 312, 'Uscita', -2873, NULL, '2020/8/23'),
    (360, 312, 'Uscita', -18827, NULL, '2022/2/27'),
    (361, 312, 'Uscita', -17067, NULL, '2022/7/22'),
    (362, 312, 'Uscita', -17385, NULL, '2019/1/1'),
    (363, 312, 'Uscita', -10245, NULL, '2022/6/7'),
    (364, 312, 'Uscita', -7856, NULL, '2019/3/15'),
    (365, 312, 'Uscita', -9650, NULL, '2021/5/14'),
    (366, 312, 'Uscita', -12408, NULL, '2019/6/6'),
    (367, 312, 'Uscita', -2979, NULL, '2021/7/26'),
    (368, 312, 'Uscita', -11609, NULL, '2021/7/15'),
    (369, 312, 'Uscita', -19073, NULL, '2022/2/4'),
    (370, 312, 'Uscita', -5307, NULL, '2021/7/8'),
    (371, 312, 'Uscita', -13343, NULL, '2020/11/16'),
    (372, 312, 'Uscita', -11396, NULL, '2019/2/14'),
    (373, 312, 'Uscita', -4444, NULL, '2020/11/2'),
    (374, 312, 'Uscita', -3932, NULL, '2021/12/28'),
    (375, 312, 'Uscita', -9391, NULL, '2021/11/4'),
    (376, 312, 'Uscita', -15036, NULL, '2019/2/20'),
    (377, 312, 'Uscita', -15430, NULL, '2022/12/23'),
    (378, 312, 'Uscita', -13442, NULL, '2019/1/27'),
    (379, 312, 'Uscita', -9617, NULL, '2020/2/5'),
    (380, 312, 'Uscita', -1844, NULL, '2020/9/23'),
    (381, 312, 'Uscita', -18312, NULL, '2019/2/8'),
    (382, 312, 'Uscita', -13226, NULL, '2022/6/26'),
    (383, 312, 'Uscita', -12080, NULL, '2021/2/1'),
    (384, 312, 'Uscita', -1301, NULL, '2021/1/5'),
    (385, 312, 'Uscita', -1491, NULL, '2022/6/2'),
    (386, 312, 'Uscita', -2939, NULL, '2019/2/22'),
    (387, 312, 'Uscita', -4791, NULL, '2022/12/26'),
    (388, 312, 'Uscita', -9781, NULL, '2022/3/12'),
    (389, 312, 'Uscita', -15758, NULL, '2020/2/14'),
    (390, 312, 'Uscita', -6216, NULL, '2021/6/20'),
    (391, 312, 'Uscita', -10907, NULL, '2021/11/28'),
    (392, 312, 'Uscita', -11370, NULL, '2021/1/3'),
    (393, 312, 'Uscita', -7768, NULL, '2019/12/18'),
    (394, 312, 'Uscita', -12917, NULL, '2022/6/3'),
    (395, 312, 'Uscita', -8737, NULL, '2020/11/23'),
    (396, 312, 'Uscita', -11378, NULL, '2022/8/1'),
    (397, 312, 'Uscita', -17443, NULL, '2021/4/1'),
    (398, 312, 'Uscita', -9331, NULL, '2020/11/11'),
    (399, 312, 'Uscita', -6641, NULL, '2021/2/13'),
    (400, 312, 'Uscita', -8527, NULL, '2020/7/28'),
    (401, 312, 'Uscita', -11335, NULL, '2022/9/4'),
    (402, 312, 'Uscita', -9072, NULL, '2021/10/14'),
    (403, 312, 'Uscita', -4607, NULL, '2019/7/25'),
    (404, 312, 'Uscita', -4398, NULL, '2022/11/14'),
    (405, 312, 'Uscita', -5951, NULL, '2021/11/16'),
    (406, 312, 'Uscita', -5585, NULL, '2021/4/2'),
    (407, 312, 'Uscita', -2758, NULL, '2019/7/28'),
    (408, 312, 'Uscita', -4245, NULL, '2019/11/14'),
    (409, 312, 'Uscita', -4111, NULL, '2022/5/25'),
    (410, 312, 'Uscita', -4400, NULL, '2021/4/8'),
    (411, 312, 'Uscita', -12184, NULL, '2020/2/10'),
    (412, 312, 'Uscita', -4741, NULL, '2021/4/9'),
    (413, 312, 'Uscita', -10144, NULL, '2020/1/8'),
    (414, 312, 'Uscita', -14900, NULL, '2021/2/19'),
    (415, 312, 'Uscita', -8034, NULL, '2022/8/15'),
    (416, 312, 'Uscita', -3296, NULL, '2019/5/13'),
    (417, 312, 'Uscita', -5651, NULL, '2022/9/13'),
    (418, 312, 'Uscita', -16033, NULL, '2022/5/28'),
    (419, 312, 'Uscita', -10698, NULL, '2022/6/11'),
    (420, 312, 'Uscita', -18544, NULL, '2019/3/11'),
    (421, 312, 'Entrata', 19959, NULL, '2021/4/13'),
    (422, 312, 'Entrata', 16158, NULL, '2019/2/12'),
    (423, 312, 'Entrata', 16725, NULL, '2021/12/27'),
    (424, 312, 'Entrata', 15998, NULL, '2021/1/13'),
    (425, 312, 'Entrata', 5475, NULL, '2020/9/2'),
    (426, 312, 'Entrata', 15205, NULL, '2021/5/25'),
    (427, 312, 'Entrata', 15483, NULL, '2022/9/27'),
    (428, 312, 'Entrata', 1187, NULL, '2019/4/16'),
    (429, 312, 'Entrata', 12372, NULL, '2020/1/20'),
    (430, 312, 'Entrata', 12702, NULL, '2019/12/17'),
    (431, 312, 'Entrata', 17853, NULL, '2019/4/11'),
    (432, 312, 'Entrata', 1937, NULL, '2020/1/16'),
    (433, 312, 'Entrata', 7960, NULL, '2019/9/17'),
    (434, 312, 'Entrata', 14511, NULL, '2021/1/17'),
    (435, 312, 'Entrata', 11711, NULL, '2021/6/21'),
    (436, 312, 'Entrata', 5982, NULL, '2022/7/8'),
    (437, 312, 'Entrata', 9483, NULL, '2022/8/14'),
    (438, 312, 'Entrata', 4060, NULL, '2020/6/11'),
    (439, 312, 'Entrata', 3149, NULL, '2020/4/14'),
    (440, 312, 'Entrata', 15997, NULL, '2020/12/9'),
    (441, 312, 'Entrata', 2240, NULL, '2021/11/22'),
    (442, 312, 'Entrata', 8059, NULL, '2019/5/7'),
    (443, 312, 'Entrata', 18513, NULL, '2021/8/24'),
    (444, 312, 'Entrata', 6472, NULL, '2022/8/11'),
    (445, 312, 'Entrata', 9614, NULL, '2019/2/6'),
    (446, 312, 'Entrata', 13423, NULL, '2019/2/13'),
    (447, 312, 'Entrata', 2908, NULL, '2019/3/6'),
    (448, 312, 'Entrata', 9637, NULL, '2019/1/2'),
    (449, 312, 'Entrata', 11707, NULL, '2020/11/5'),
    (450, 312, 'Entrata', 16150, NULL, '2022/6/5'),
    (451, 312, 'Entrata', 6803, NULL, '2021/3/13'),
    (452, 312, 'Entrata', 16938, NULL, '2021/10/24'),
    (453, 312, 'Entrata', 14671, NULL, '2020/10/9'),
    (454, 312, 'Entrata', 7042, NULL, '2021/4/20'),
    (455, 312, 'Entrata', 18125, NULL, '2020/6/2'),
    (456, 312, 'Entrata', 3981, NULL, '2020/12/22'),
    (457, 312, 'Entrata', 10303, NULL, '2022/9/2'),
    (458, 312, 'Entrata', 9605, NULL, '2021/6/23'),
    (459, 312, 'Entrata', 17431, NULL, '2019/5/8'),
    (460, 312, 'Entrata', 4130, NULL, '2022/10/23'),
    (461, 312, 'Entrata', 1301, NULL, '2022/10/25'),
    (462, 312, 'Entrata', 19744, NULL, '2021/2/8'),
    (463, 312, 'Entrata', 17616, NULL, '2022/9/14'),
    (464, 312, 'Entrata', 13226, NULL, '2020/3/7'),
    (465, 312, 'Entrata', 18412, NULL, '2021/8/20'),
    (466, 312, 'Entrata', 5401, NULL, '2021/6/27'),
    (467, 312, 'Entrata', 19843, NULL, '2020/3/5'),
    (468, 312, 'Entrata', 7007, NULL, '2020/10/16'),
    (469, 312, 'Entrata', 1414, NULL, '2021/3/7'),
    (470, 312, 'Entrata', 1987, NULL, '2019/2/28'),
    (471, 312, 'Entrata', 5979, NULL, '2020/8/10'),
    (472, 312, 'Entrata', 9105, NULL, '2021/12/10'),
    (473, 312, 'Entrata', 2093, NULL, '2020/1/17'),
    (474, 312, 'Entrata', 15467, NULL, '2021/10/11'),
    (475, 312, 'Entrata', 9823, NULL, '2019/12/5'),
    (476, 312, 'Entrata', 4206, NULL, '2021/9/22'),
    (477, 312, 'Entrata', 7179, NULL, '2019/11/12'),
    (478, 312, 'Entrata', 4939, NULL, '2019/12/26'),
    (479, 312, 'Entrata', 17729, NULL, '2019/2/6'),
    (480, 312, 'Entrata', 7366, NULL, '2021/7/24'),
    (481, 312, 'Entrata', 10219, NULL, '2022/2/1'),
    (482, 312, 'Entrata', 16096, NULL, '2019/9/20'),
    (483, 312, 'Entrata', 3386, NULL, '2022/12/5'),
    (484, 312, 'Entrata', 12404, NULL, '2021/6/24'),
    (485, 312, 'Entrata', 12501, NULL, '2019/5/26'),
    (486, 312, 'Entrata', 13402, NULL, '2021/11/3'),
    (487, 312, 'Entrata', 14541, NULL, '2020/7/6'),
    (488, 312, 'Entrata', 9535, NULL, '2022/3/9'),
    (489, 312, 'Entrata', 16531, NULL, '2019/11/6'),
    (490, 312, 'Entrata', 8502, NULL, '2020/5/23'),
    (491, 312, 'Entrata', 7925, NULL, '2021/12/24'),
    (492, 312, 'Entrata', 13191, NULL, '2022/4/22'),
    (493, 312, 'Entrata', 1535, NULL, '2020/2/5'),
    (494, 312, 'Entrata', 11925, NULL, '2021/10/5'),
    (495, 312, 'Entrata', 12962, NULL, '2019/11/25'),
    (496, 312, 'Entrata', 6055, NULL, '2019/8/28'),
    (497, 312, 'Entrata', 12901, NULL, '2020/12/22'),
    (498, 312, 'Entrata', 6546, NULL, '2020/2/1'),
    (499, 312, 'Entrata', 2185, NULL, '2019/9/10'),
    (500, 312, 'Entrata', 1200, NULL, '2021/11/8'),
    (501, 312, 'Entrata', 2727, NULL, '2021/10/20'),
    (502, 312, 'Entrata', 11687, NULL, '2022/11/12'),
    (503, 312, 'Entrata', 17832, NULL, '2020/2/2'),
    (504, 312, 'Entrata', 3009, NULL, '2019/12/18'),
    (505, 312, 'Entrata', 3010, NULL, '2021/5/12'),
    (506, 312, 'Entrata', 11973, NULL, '2022/11/28'),
    (507, 312, 'Entrata', 7486, NULL, '2021/5/14'),
    (508, 312, 'Entrata', 10807, NULL, '2019/3/2'),
    (509, 312, 'Entrata', 15246, NULL, '2020/10/8'),
    (510, 312, 'Entrata', 16201, NULL, '2019/10/3'),
    (511, 312, 'Entrata', 17747, NULL, '2020/8/25'),
    (512, 312, 'Entrata', 1478, NULL, '2021/3/19'),
    (513, 312, 'Entrata', 8445, NULL, '2020/2/22'),
    (514, 312, 'Entrata', 6947, NULL, '2022/9/19'),
    (515, 312, 'Entrata', 19532, NULL, '2021/1/27'),
    (516, 312, 'Entrata', 18657, NULL, '2019/8/12'),
    (517, 312, 'Entrata', 1597, NULL, '2022/3/8'),
    (518, 312, 'Entrata', 12931, NULL, '2019/9/19'),
    (519, 312, 'Entrata', 6653, NULL, '2022/7/1'),
    (520, 312, 'Entrata', 2992, NULL, '2021/1/11'),
    (521, 389, 'Uscita', -10942, NULL, '2022/8/26'),
    (522, 389, 'Uscita', -10787, NULL, '2019/1/22'),
    (523, 389, 'Uscita', -10609, NULL, '2019/9/4'),
    (524, 389, 'Uscita', -4903, NULL, '2020/3/19'),
    (525, 389, 'Uscita', -7000, NULL, '2022/6/27'),
    (526, 389, 'Uscita', -3065, NULL, '2019/4/2'),
    (527, 389, 'Uscita', -1271, NULL, '2021/1/2'),
    (528, 389, 'Uscita', -11924, NULL, '2020/6/9'),
    (529, 389, 'Uscita', -2595, NULL, '2020/4/11'),
    (530, 389, 'Uscita', -7977, NULL, '2021/6/1'),
    (531, 389, 'Uscita', -14746, NULL, '2020/10/15'),
    (532, 389, 'Uscita', -7077, NULL, '2022/4/23'),
    (533, 389, 'Uscita', -14124, NULL, '2020/8/24'),
    (534, 389, 'Uscita', -15624, NULL, '2020/12/21'),
    (535, 389, 'Uscita', -9169, NULL, '2021/7/25'),
    (536, 389, 'Uscita', -1979, NULL, '2022/2/15'),
    (537, 389, 'Uscita', -17791, NULL, '2019/9/12'),
    (538, 389, 'Uscita', -19936, NULL, '2021/9/9'),
    (539, 389, 'Uscita', -15540, NULL, '2021/5/12'),
    (540, 389, 'Uscita', -2036, NULL, '2019/2/6'),
    (541, 389, 'Uscita', -10339, NULL, '2020/9/14'),
    (542, 389, 'Uscita', -2162, NULL, '2022/8/8'),
    (543, 389, 'Uscita', -15919, NULL, '2022/5/18'),
    (544, 389, 'Uscita', -10579, NULL, '2021/6/28'),
    (545, 389, 'Uscita', -7727, NULL, '2019/10/14'),
    (546, 389, 'Uscita', -10977, NULL, '2022/2/18'),
    (547, 389, 'Uscita', -11262, NULL, '2021/10/17'),
    (548, 389, 'Uscita', -16774, NULL, '2022/10/3'),
    (549, 389, 'Uscita', -18304, NULL, '2019/10/25'),
    (550, 389, 'Uscita', -19796, NULL, '2019/7/24'),
    (551, 389, 'Uscita', -15641, NULL, '2020/12/8'),
    (552, 389, 'Uscita', -11769, NULL, '2022/2/14'),
    (553, 389, 'Uscita', -19646, NULL, '2021/5/25'),
    (554, 389, 'Uscita', -5230, NULL, '2021/7/9'),
    (555, 389, 'Uscita', -7168, NULL, '2019/9/5'),
    (556, 389, 'Uscita', -8922, NULL, '2019/12/23'),
    (557, 389, 'Uscita', -2620, NULL, '2019/4/1'),
    (558, 389, 'Uscita', -12023, NULL, '2021/5/24'),
    (559, 389, 'Uscita', -4339, NULL, '2019/7/18'),
    (560, 389, 'Uscita', -8023, NULL, '2019/9/5'),
    (561, 389, 'Uscita', -11116, NULL, '2020/7/8'),
    (562, 389, 'Uscita', -3898, NULL, '2019/10/17'),
    (563, 389, 'Uscita', -9688, NULL, '2019/11/21'),
    (564, 389, 'Uscita', -5751, NULL, '2019/1/25'),
    (565, 389, 'Uscita', -5489, NULL, '2021/5/24'),
    (566, 389, 'Uscita', -3184, NULL, '2019/8/24'),
    (567, 389, 'Uscita', -17629, NULL, '2020/5/15'),
    (568, 389, 'Uscita', -12667, NULL, '2022/11/10'),
    (569, 389, 'Uscita', -11655, NULL, '2020/6/11'),
    (570, 389, 'Uscita', -19561, NULL, '2020/5/10'),
    (571, 389, 'Uscita', -7512, NULL, '2021/8/5'),
    (572, 389, 'Uscita', -4156, NULL, '2021/5/16'),
    (573, 389, 'Uscita', -19756, NULL, '2019/5/9'),
    (574, 389, 'Uscita', -14870, NULL, '2021/4/24'),
    (575, 389, 'Uscita', -8493, NULL, '2020/8/28'),
    (576, 389, 'Uscita', -1095, NULL, '2019/6/2'),
    (577, 389, 'Uscita', -5441, NULL, '2022/3/25'),
    (578, 389, 'Uscita', -11174, NULL, '2019/2/21'),
    (579, 389, 'Uscita', -18072, NULL, '2020/11/5'),
    (580, 389, 'Uscita', -5078, NULL, '2019/8/25'),
    (581, 389, 'Uscita', -4214, NULL, '2021/3/11'),
    (582, 389, 'Uscita', -4428, NULL, '2019/1/1'),
    (583, 389, 'Uscita', -3022, NULL, '2019/4/24'),
    (584, 389, 'Uscita', -9550, NULL, '2019/7/23'),
    (585, 389, 'Uscita', -7606, NULL, '2019/12/22'),
    (586, 389, 'Uscita', -12621, NULL, '2020/1/27'),
    (587, 389, 'Uscita', -16868, NULL, '2020/5/25'),
    (588, 389, 'Uscita', -5997, NULL, '2019/5/10'),
    (589, 389, 'Uscita', -3540, NULL, '2022/11/22'),
    (590, 389, 'Uscita', -10641, NULL, '2020/5/10'),
    (591, 389, 'Uscita', -15532, NULL, '2020/11/17'),
    (592, 389, 'Uscita', -16194, NULL, '2019/10/5'),
    (593, 389, 'Uscita', -19057, NULL, '2020/4/14'),
    (594, 389, 'Uscita', -5375, NULL, '2021/6/22'),
    (595, 389, 'Uscita', -13665, NULL, '2022/2/23'),
    (596, 389, 'Uscita', -4302, NULL, '2021/3/26'),
    (597, 389, 'Uscita', -6221, NULL, '2022/8/2'),
    (598, 389, 'Uscita', -9707, NULL, '2020/6/27'),
    (599, 389, 'Uscita', -3232, NULL, '2021/10/10'),
    (600, 389, 'Uscita', -15430, NULL, '2019/4/25'),
    (601, 389, 'Uscita', -7150, NULL, '2020/2/10'),
    (602, 389, 'Uscita', -14349, NULL, '2020/5/9'),
    (603, 389, 'Uscita', -7652, NULL, '2019/1/24'),
    (604, 389, 'Uscita', -10974, NULL, '2020/6/22'),
    (605, 389, 'Uscita', -18119, NULL, '2019/7/16'),
    (606, 389, 'Uscita', -10473, NULL, '2020/3/28'),
    (607, 389, 'Uscita', -14218, NULL, '2021/2/23'),
    (608, 389, 'Uscita', -15351, NULL, '2020/2/16'),
    (609, 389, 'Uscita', -5390, NULL, '2020/4/2'),
    (610, 389, 'Uscita', -2060, NULL, '2022/1/12'),
    (611, 389, 'Uscita', -12008, NULL, '2020/8/20'),
    (612, 389, 'Uscita', -19776, NULL, '2020/11/22'),
    (613, 389, 'Uscita', -8727, NULL, '2021/11/19'),
    (614, 389, 'Uscita', -6838, NULL, '2020/8/10'),
    (615, 389, 'Uscita', -14012, NULL, '2022/6/13'),
    (616, 389, 'Uscita', -18009, NULL, '2021/3/3'),
    (617, 389, 'Uscita', -12951, NULL, '2022/7/14'),
    (618, 389, 'Uscita', -15542, NULL, '2022/12/8'),
    (619, 389, 'Uscita', -17848, NULL, '2020/8/27'),
    (620, 389, 'Uscita', -9282, NULL, '2020/9/3'),
    (621, 389, 'Entrata', 3662, NULL, '2019/1/16'),
    (622, 389, 'Entrata', 8954, NULL, '2022/3/25'),
    (623, 389, 'Entrata', 1278, NULL, '2019/3/26'),
    (624, 389, 'Entrata', 12072, NULL, '2019/5/4'),
    (625, 389, 'Entrata', 3974, NULL, '2022/3/6'),
    (626, 389, 'Entrata', 8667, NULL, '2019/6/3'),
    (627, 389, 'Entrata', 18186, NULL, '2022/2/12'),
    (628, 389, 'Entrata', 1767, NULL, '2022/9/4'),
    (629, 389, 'Entrata', 17634, NULL, '2019/11/26'),
    (630, 389, 'Entrata', 16210, NULL, '2021/3/22'),
    (631, 389, 'Entrata', 6670, NULL, '2021/6/17'),
    (632, 389, 'Entrata', 7515, NULL, '2021/8/17'),
    (633, 389, 'Entrata', 2639, NULL, '2022/9/10'),
    (634, 389, 'Entrata', 15992, NULL, '2021/8/10'),
    (635, 389, 'Entrata', 15123, NULL, '2021/11/1'),
    (636, 389, 'Entrata', 14579, NULL, '2020/5/13'),
    (637, 389, 'Entrata', 2545, NULL, '2021/2/15'),
    (638, 389, 'Entrata', 8699, NULL, '2019/6/4'),
    (639, 389, 'Entrata', 6204, NULL, '2022/1/5'),
    (640, 389, 'Entrata', 6031, NULL, '2022/2/27'),
    (641, 389, 'Entrata', 6981, NULL, '2020/1/22'),
    (642, 389, 'Entrata', 9188, NULL, '2020/11/12'),
    (643, 389, 'Entrata', 3286, NULL, '2021/4/26'),
    (644, 389, 'Entrata', 3810, NULL, '2020/10/17'),
    (645, 389, 'Entrata', 1863, NULL, '2019/1/8'),
    (646, 389, 'Entrata', 19044, NULL, '2020/6/24'),
    (647, 389, 'Entrata', 6943, NULL, '2021/10/1'),
    (648, 389, 'Entrata', 11226, NULL, '2021/5/9'),
    (649, 389, 'Entrata', 16775, NULL, '2022/4/22'),
    (650, 389, 'Entrata', 13369, NULL, '2020/4/7'),
    (651, 389, 'Entrata', 16008, NULL, '2019/2/8'),
    (652, 389, 'Entrata', 10673, NULL, '2022/5/6'),
    (653, 389, 'Entrata', 8232, NULL, '2021/4/8'),
    (654, 389, 'Entrata', 1535, NULL, '2020/11/21'),
    (655, 389, 'Entrata', 8644, NULL, '2022/7/1'),
    (656, 389, 'Entrata', 1114, NULL, '2020/1/21'),
    (657, 389, 'Entrata', 18375, NULL, '2022/8/15'),
    (658, 389, 'Entrata', 11352, NULL, '2020/6/2'),
    (659, 389, 'Entrata', 5974, NULL, '2022/6/15'),
    (660, 389, 'Entrata', 3165, NULL, '2021/8/25'),
    (661, 389, 'Entrata', 7190, NULL, '2021/9/5'),
    (662, 389, 'Entrata', 12655, NULL, '2021/10/16'),
    (663, 389, 'Entrata', 6903, NULL, '2019/2/13'),
    (664, 389, 'Entrata', 17099, NULL, '2020/6/22'),
    (665, 389, 'Entrata', 8467, NULL, '2021/9/10'),
    (666, 389, 'Entrata', 14474, NULL, '2022/1/23'),
    (667, 389, 'Entrata', 14245, NULL, '2019/3/25'),
    (668, 389, 'Entrata', 1291, NULL, '2022/4/16'),
    (669, 389, 'Entrata', 3221, NULL, '2022/11/21'),
    (670, 389, 'Entrata', 14257, NULL, '2021/3/14'),
    (671, 389, 'Entrata', 5607, NULL, '2021/7/26'),
    (672, 389, 'Entrata', 3457, NULL, '2021/7/3'),
    (673, 389, 'Entrata', 15301, NULL, '2022/2/9'),
    (674, 389, 'Entrata', 4577, NULL, '2019/10/16'),
    (675, 389, 'Entrata', 19816, NULL, '2020/3/20'),
    (676, 389, 'Entrata', 8305, NULL, '2020/4/24'),
    (677, 389, 'Entrata', 15694, NULL, '2022/11/16'),
    (678, 389, 'Entrata', 7475, NULL, '2020/12/6'),
    (679, 389, 'Entrata', 19064, NULL, '2021/10/1'),
    (680, 389, 'Entrata', 13783, NULL, '2021/12/6'),
    (681, 389, 'Entrata', 9256, NULL, '2021/9/19'),
    (682, 389, 'Entrata', 5290, NULL, '2020/8/13'),
    (683, 389, 'Entrata', 18606, NULL, '2022/7/5'),
    (684, 389, 'Entrata', 17157, NULL, '2021/6/13'),
    (685, 389, 'Entrata', 12987, NULL, '2020/2/8'),
    (686, 389, 'Entrata', 8624, NULL, '2020/10/9'),
    (687, 389, 'Entrata', 8401, NULL, '2020/2/26'),
    (688, 389, 'Entrata', 1856, NULL, '2021/6/20'),
    (689, 389, 'Entrata', 4143, NULL, '2022/2/24'),
    (690, 389, 'Entrata', 17178, NULL, '2022/12/18'),
    (691, 389, 'Entrata', 14431, NULL, '2021/10/11'),
    (692, 389, 'Entrata', 14957, NULL, '2020/12/16'),
    (693, 389, 'Entrata', 17119, NULL, '2021/10/2'),
    (694, 389, 'Entrata', 4224, NULL, '2019/10/25'),
    (695, 389, 'Entrata', 9521, NULL, '2020/5/3'),
    (696, 389, 'Entrata', 12994, NULL, '2022/8/15'),
    (697, 389, 'Entrata', 1818, NULL, '2022/4/15'),
    (698, 389, 'Entrata', 4608, NULL, '2019/12/23'),
    (699, 389, 'Entrata', 7317, NULL, '2021/3/22'),
    (700, 389, 'Entrata', 1619, NULL, '2021/10/24'),
    (701, 389, 'Entrata', 18461, NULL, '2020/8/22'),
    (702, 389, 'Entrata', 18742, NULL, '2022/8/11'),
    (703, 389, 'Entrata', 13438, NULL, '2019/7/24'),
    (704, 389, 'Entrata', 1319, NULL, '2022/6/7'),
    (705, 389, 'Entrata', 6509, NULL, '2019/7/18'),
    (706, 389, 'Entrata', 10697, NULL, '2019/5/24'),
    (707, 389, 'Entrata', 16831, NULL, '2022/1/4'),
    (708, 389, 'Entrata', 1367, NULL, '2019/8/26'),
    (709, 389, 'Entrata', 16254, NULL, '2020/7/20'),
    (710, 389, 'Entrata', 12185, NULL, '2020/8/7'),
    (711, 389, 'Entrata', 12244, NULL, '2020/9/7'),
    (712, 389, 'Entrata', 16983, NULL, '2020/1/17'),
    (713, 389, 'Entrata', 7590, NULL, '2021/2/1'),
    (714, 389, 'Entrata', 10772, NULL, '2022/4/13'),
    (715, 389, 'Entrata', 9523, NULL, '2022/1/18'),
    (716, 389, 'Entrata', 1812, NULL, '2022/5/11'),
    (717, 389, 'Entrata', 3616, NULL, '2019/11/27'),
    (718, 389, 'Entrata', 9044, NULL, '2022/5/19'),
    (719, 389, 'Entrata', 18999, NULL, '2020/3/15'),
    (720, 389, 'Entrata', 4114, NULL, '2020/8/4'),
    (721, 437, 'Uscita', -17472, NULL, '2020/12/6'),
    (722, 437, 'Uscita', -13725, NULL, '2022/3/15'),
    (723, 437, 'Uscita', -11125, NULL, '2022/12/3'),
    (724, 437, 'Uscita', -7942, NULL, '2022/10/18'),
    (725, 437, 'Uscita', -1033, NULL, '2021/7/7'),
    (726, 437, 'Uscita', -6476, NULL, '2021/2/23'),
    (727, 437, 'Uscita', -7754, NULL, '2020/7/20'),
    (728, 437, 'Uscita', -3954, NULL, '2021/4/22'),
    (729, 437, 'Uscita', -2273, NULL, '2021/9/18'),
    (730, 437, 'Uscita', -9058, NULL, '2022/1/19'),
    (731, 437, 'Uscita', -10755, NULL, '2020/1/11'),
    (732, 437, 'Uscita', -3146, NULL, '2020/9/23'),
    (733, 437, 'Uscita', -16255, NULL, '2019/11/21'),
    (734, 437, 'Uscita', -15702, NULL, '2019/10/10'),
    (735, 437, 'Uscita', -9147, NULL, '2021/10/17'),
    (736, 437, 'Uscita', -9757, NULL, '2022/5/14'),
    (737, 437, 'Uscita', -16059, NULL, '2020/9/27'),
    (738, 437, 'Uscita', -2505, NULL, '2019/8/28'),
    (739, 437, 'Uscita', -11819, NULL, '2021/4/12'),
    (740, 437, 'Uscita', -5870, NULL, '2021/11/9'),
    (741, 437, 'Uscita', -9820, NULL, '2020/7/26'),
    (742, 437, 'Uscita', -6624, NULL, '2019/10/27'),
    (743, 437, 'Uscita', -15713, NULL, '2020/3/24'),
    (744, 437, 'Uscita', -19337, NULL, '2019/12/8'),
    (745, 437, 'Uscita', -4742, NULL, '2021/9/19'),
    (746, 437, 'Uscita', -4950, NULL, '2020/4/11'),
    (747, 437, 'Uscita', -17753, NULL, '2022/5/9'),
    (748, 437, 'Uscita', -15280, NULL, '2021/2/16'),
    (749, 437, 'Uscita', -4680, NULL, '2019/5/25'),
    (750, 437, 'Uscita', -4518, NULL, '2019/9/2'),
    (751, 437, 'Uscita', -16625, NULL, '2019/9/17'),
    (752, 437, 'Uscita', -13023, NULL, '2021/4/20'),
    (753, 437, 'Uscita', -7297, NULL, '2021/2/21'),
    (754, 437, 'Uscita', -11380, NULL, '2022/4/4'),
    (755, 437, 'Uscita', -4001, NULL, '2019/5/11'),
    (756, 437, 'Uscita', -16938, NULL, '2022/11/24'),
    (757, 437, 'Uscita', -8186, NULL, '2022/8/25'),
    (758, 437, 'Uscita', -7144, NULL, '2022/3/9'),
    (759, 437, 'Uscita', -10839, NULL, '2020/1/1'),
    (760, 437, 'Uscita', -17778, NULL, '2021/12/12'),
    (761, 437, 'Uscita', -2335, NULL, '2020/2/13'),
    (762, 437, 'Uscita', -2539, NULL, '2020/8/12'),
    (763, 437, 'Uscita', -10862, NULL, '2020/4/24'),
    (764, 437, 'Uscita', -1396, NULL, '2019/2/13'),
    (765, 437, 'Uscita', -4575, NULL, '2021/1/2'),
    (766, 437, 'Uscita', -8436, NULL, '2019/8/15'),
    (767, 437, 'Uscita', -8650, NULL, '2020/8/1'),
    (768, 437, 'Uscita', -6978, NULL, '2019/6/12'),
    (769, 437, 'Uscita', -13313, NULL, '2021/12/21'),
    (770, 437, 'Uscita', -2612, NULL, '2021/3/17'),
    (771, 437, 'Uscita', -14333, NULL, '2020/8/12'),
    (772, 437, 'Uscita', -11271, NULL, '2020/8/6'),
    (773, 437, 'Uscita', -7568, NULL, '2022/10/23'),
    (774, 437, 'Uscita', -14661, NULL, '2022/5/15'),
    (775, 437, 'Uscita', -18451, NULL, '2019/10/12'),
    (776, 437, 'Uscita', -13315, NULL, '2020/2/17'),
    (777, 437, 'Uscita', -3225, NULL, '2020/8/26'),
    (778, 437, 'Uscita', -14062, NULL, '2020/10/20'),
    (779, 437, 'Uscita', -1477, NULL, '2021/11/23'),
    (780, 437, 'Uscita', -15722, NULL, '2020/10/19'),
    (781, 437, 'Uscita', -12588, NULL, '2022/5/16'),
    (782, 437, 'Uscita', -11906, NULL, '2020/6/11'),
    (783, 437, 'Uscita', -9956, NULL, '2022/3/9'),
    (784, 437, 'Uscita', -5890, NULL, '2019/10/13'),
    (785, 437, 'Uscita', -5807, NULL, '2022/8/7'),
    (786, 437, 'Uscita', -17610, NULL, '2021/1/18'),
    (787, 437, 'Uscita', -12044, NULL, '2020/12/17'),
    (788, 437, 'Uscita', -15374, NULL, '2020/5/13'),
    (789, 437, 'Uscita', -10148, NULL, '2020/11/5'),
    (790, 437, 'Uscita', -18528, NULL, '2020/12/18'),
    (791, 437, 'Uscita', -2066, NULL, '2021/3/7'),
    (792, 437, 'Uscita', -3460, NULL, '2021/12/4'),
    (793, 437, 'Uscita', -6961, NULL, '2021/10/19'),
    (794, 437, 'Uscita', -11036, NULL, '2022/1/21'),
    (795, 437, 'Uscita', -15257, NULL, '2022/5/27'),
    (796, 437, 'Uscita', -1079, NULL, '2020/2/5'),
    (797, 437, 'Uscita', -16627, NULL, '2019/1/2'),
    (798, 437, 'Uscita', -1284, NULL, '2019/3/11'),
    (799, 437, 'Uscita', -8236, NULL, '2019/10/9'),
    (800, 437, 'Uscita', -4776, NULL, '2022/9/7'),
    (801, 437, 'Uscita', -17737, NULL, '2022/8/8'),
    (802, 437, 'Uscita', -2376, NULL, '2020/11/3'),
    (803, 437, 'Uscita', -8257, NULL, '2022/6/7'),
    (804, 437, 'Uscita', -13849, NULL, '2022/3/20'),
    (805, 437, 'Uscita', -9408, NULL, '2020/11/4'),
    (806, 437, 'Uscita', -18764, NULL, '2020/11/2'),
    (807, 437, 'Uscita', -16904, NULL, '2022/10/6'),
    (808, 437, 'Uscita', -17957, NULL, '2019/1/15'),
    (809, 437, 'Uscita', -2207, NULL, '2020/5/27'),
    (810, 437, 'Uscita', -8759, NULL, '2021/10/6'),
    (811, 437, 'Uscita', -9374, NULL, '2019/9/27'),
    (812, 437, 'Uscita', -8852, NULL, '2020/3/16'),
    (813, 437, 'Uscita', -9758, NULL, '2021/2/23'),
    (814, 437, 'Uscita', -19254, NULL, '2019/7/17'),
    (815, 437, 'Uscita', -12029, NULL, '2020/6/18'),
    (816, 437, 'Uscita', -7810, NULL, '2021/1/20'),
    (817, 437, 'Uscita', -14133, NULL, '2021/9/16'),
    (818, 437, 'Uscita', -16090, NULL, '2022/9/5'),
    (819, 437, 'Uscita', -16531, NULL, '2021/5/22'),
    (820, 437, 'Uscita', -3069, NULL, '2019/10/1'),
    (821, 437, 'Entrata', 16585, NULL, '2020/6/12'),
    (822, 437, 'Entrata', 16919, NULL, '2021/11/18'),
    (823, 437, 'Entrata', 9293, NULL, '2020/8/25'),
    (824, 437, 'Entrata', 2741, NULL, '2019/10/11'),
    (825, 437, 'Entrata', 4745, NULL, '2022/9/3'),
    (826, 437, 'Entrata', 7854, NULL, '2020/5/25'),
    (827, 437, 'Entrata', 8565, NULL, '2020/2/26'),
    (828, 437, 'Entrata', 7911, NULL, '2021/5/25'),
    (829, 437, 'Entrata', 9453, NULL, '2019/1/7'),
    (830, 437, 'Entrata', 19014, NULL, '2020/1/2'),
    (831, 437, 'Entrata', 18439, NULL, '2020/5/11'),
    (832, 437, 'Entrata', 16416, NULL, '2021/9/20'),
    (833, 437, 'Entrata', 9368, NULL, '2020/2/5'),
    (834, 437, 'Entrata', 10591, NULL, '2019/11/26'),
    (835, 437, 'Entrata', 1017, NULL, '2020/12/6'),
    (836, 437, 'Entrata', 11052, NULL, '2020/9/20'),
    (837, 437, 'Entrata', 10653, NULL, '2020/4/24'),
    (838, 437, 'Entrata', 3494, NULL, '2022/5/24'),
    (839, 437, 'Entrata', 12406, NULL, '2019/4/2'),
    (840, 437, 'Entrata', 12633, NULL, '2022/6/11'),
    (841, 437, 'Entrata', 5836, NULL, '2021/6/26'),
    (842, 437, 'Entrata', 13510, NULL, '2019/7/21'),
    (843, 437, 'Entrata', 16530, NULL, '2020/9/20'),
    (844, 437, 'Entrata', 1950, NULL, '2021/10/6'),
    (845, 437, 'Entrata', 12801, NULL, '2021/5/15'),
    (846, 437, 'Entrata', 15804, NULL, '2020/7/25'),
    (847, 437, 'Entrata', 6944, NULL, '2021/11/11'),
    (848, 437, 'Entrata', 7120, NULL, '2021/7/14'),
    (849, 437, 'Entrata', 3018, NULL, '2019/10/6'),
    (850, 437, 'Entrata', 2009, NULL, '2019/5/24'),
    (851, 437, 'Entrata', 3731, NULL, '2022/12/3'),
    (852, 437, 'Entrata', 5016, NULL, '2022/11/10'),
    (853, 437, 'Entrata', 18682, NULL, '2019/12/24'),
    (854, 437, 'Entrata', 16115, NULL, '2022/5/13'),
    (855, 437, 'Entrata', 2944, NULL, '2019/4/9'),
    (856, 437, 'Entrata', 18488, NULL, '2020/7/25'),
    (857, 437, 'Entrata', 1506, NULL, '2019/11/11'),
    (858, 437, 'Entrata', 6350, NULL, '2020/4/27'),
    (859, 437, 'Entrata', 14118, NULL, '2019/3/21'),
    (860, 437, 'Entrata', 1539, NULL, '2019/11/28'),
    (861, 437, 'Entrata', 8427, NULL, '2020/11/25'),
    (862, 437, 'Entrata', 12873, NULL, '2022/8/13'),
    (863, 437, 'Entrata', 18670, NULL, '2020/10/24'),
    (864, 437, 'Entrata', 6473, NULL, '2020/12/26'),
    (865, 437, 'Entrata', 13329, NULL, '2021/9/5'),
    (866, 437, 'Entrata', 12519, NULL, '2020/2/22'),
    (867, 437, 'Entrata', 2793, NULL, '2021/1/23'),
    (868, 437, 'Entrata', 3723, NULL, '2019/3/3'),
    (869, 437, 'Entrata', 4485, NULL, '2019/2/25'),
    (870, 437, 'Entrata', 11202, NULL, '2020/10/22'),
    (871, 437, 'Entrata', 2561, NULL, '2021/2/17'),
    (872, 437, 'Entrata', 2689, NULL, '2022/5/23'),
    (873, 437, 'Entrata', 11178, NULL, '2019/11/13'),
    (874, 437, 'Entrata', 2866, NULL, '2019/5/23'),
    (875, 437, 'Entrata', 6513, NULL, '2021/7/13'),
    (876, 437, 'Entrata', 16458, NULL, '2020/7/2'),
    (877, 437, 'Entrata', 10058, NULL, '2022/8/12'),
    (878, 437, 'Entrata', 11568, NULL, '2019/2/23'),
    (879, 437, 'Entrata', 6548, NULL, '2021/9/20'),
    (880, 437, 'Entrata', 11152, NULL, '2022/7/11'),
    (881, 437, 'Entrata', 11541, NULL, '2021/9/8'),
    (882, 437, 'Entrata', 17611, NULL, '2020/4/10'),
    (883, 437, 'Entrata', 15986, NULL, '2021/11/12'),
    (884, 437, 'Entrata', 6389, NULL, '2019/7/5'),
    (885, 437, 'Entrata', 14206, NULL, '2021/9/5'),
    (886, 437, 'Entrata', 16171, NULL, '2020/8/24'),
    (887, 437, 'Entrata', 17296, NULL, '2019/8/19'),
    (888, 437, 'Entrata', 6941, NULL, '2019/9/28'),
    (889, 437, 'Entrata', 16284, NULL, '2021/9/16'),
    (890, 437, 'Entrata', 17280, NULL, '2019/9/20'),
    (891, 437, 'Entrata', 18748, NULL, '2021/8/25'),
    (892, 437, 'Entrata', 16847, NULL, '2021/12/27'),
    (893, 437, 'Entrata', 16896, NULL, '2019/9/9'),
    (894, 437, 'Entrata', 9361, NULL, '2021/2/14'),
    (895, 437, 'Entrata', 7815, NULL, '2020/10/2'),
    (896, 437, 'Entrata', 11913, NULL, '2019/7/21'),
    (897, 437, 'Entrata', 10162, NULL, '2019/11/4'),
    (898, 437, 'Entrata', 4113, NULL, '2021/11/25'),
    (899, 437, 'Entrata', 1691, NULL, '2019/2/18'),
    (900, 437, 'Entrata', 12150, NULL, '2022/9/5'),
    (901, 437, 'Entrata', 19566, NULL, '2022/3/10'),
    (902, 437, 'Entrata', 2567, NULL, '2021/12/11'),
    (903, 437, 'Entrata', 11578, NULL, '2022/3/27'),
    (904, 437, 'Entrata', 17301, NULL, '2019/6/17'),
    (905, 437, 'Entrata', 7146, NULL, '2020/4/11'),
    (906, 437, 'Entrata', 12178, NULL, '2020/3/6'),
    (907, 437, 'Entrata', 17394, NULL, '2019/3/12'),
    (908, 437, 'Entrata', 16412, NULL, '2020/2/13'),
    (909, 437, 'Entrata', 10427, NULL, '2022/11/5'),
    (910, 437, 'Entrata', 7374, NULL, '2020/5/21'),
    (911, 437, 'Entrata', 6572, NULL, '2019/12/3'),
    (912, 437, 'Entrata', 2682, NULL, '2022/10/7'),
    (913, 437, 'Entrata', 14002, NULL, '2021/9/21'),
    (914, 437, 'Entrata', 9161, NULL, '2021/4/1'),
    (915, 437, 'Entrata', 16665, NULL, '2022/3/21'),
    (916, 437, 'Entrata', 4909, NULL, '2021/5/27'),
    (917, 437, 'Entrata', 17430, NULL, '2021/2/4'),
    (918, 437, 'Entrata', 15002, NULL, '2021/2/16'),
    (919, 437, 'Entrata', 16680, NULL, '2020/10/9'),
    (920, 437, 'Entrata', 7446, NULL, '2022/1/22'),
    (921, 594, 'Uscita', -1681, NULL, '2020/11/22'),
    (922, 594, 'Uscita', -9607, NULL, '2021/10/13'),
    (923, 594, 'Uscita', -14926, NULL, '2021/5/11'),
    (924, 594, 'Uscita', -18126, NULL, '2022/1/22'),
    (925, 594, 'Uscita', -17669, NULL, '2021/1/21'),
    (926, 594, 'Uscita', -17327, NULL, '2022/3/27'),
    (927, 594, 'Uscita', -2675, NULL, '2019/8/25'),
    (928, 594, 'Uscita', -9305, NULL, '2022/10/2'),
    (929, 594, 'Uscita', -6449, NULL, '2020/5/25'),
    (930, 594, 'Uscita', -19755, NULL, '2021/4/7'),
    (931, 594, 'Uscita', -9100, NULL, '2022/2/9'),
    (932, 594, 'Uscita', -8784, NULL, '2019/11/27'),
    (933, 594, 'Uscita', -4926, NULL, '2021/11/7'),
    (934, 594, 'Uscita', -13578, NULL, '2022/10/26'),
    (935, 594, 'Uscita', -8972, NULL, '2019/6/8'),
    (936, 594, 'Uscita', -12841, NULL, '2021/7/14'),
    (937, 594, 'Uscita', -4501, NULL, '2019/1/18'),
    (938, 594, 'Uscita', -5626, NULL, '2022/11/25'),
    (939, 594, 'Uscita', -12908, NULL, '2021/12/13'),
    (940, 594, 'Uscita', -13273, NULL, '2022/2/8'),
    (941, 594, 'Uscita', -7706, NULL, '2020/2/2'),
    (942, 594, 'Uscita', -2806, NULL, '2020/1/11'),
    (943, 594, 'Uscita', -3654, NULL, '2020/7/17'),
    (944, 594, 'Uscita', -10244, NULL, '2020/10/22'),
    (945, 594, 'Uscita', -17283, NULL, '2020/1/6'),
    (946, 594, 'Uscita', -16235, NULL, '2021/10/8'),
    (947, 594, 'Uscita', -11064, NULL, '2022/5/28'),
    (948, 594, 'Uscita', -18152, NULL, '2022/7/2'),
    (949, 594, 'Uscita', -5412, NULL, '2021/3/19'),
    (950, 594, 'Uscita', -7277, NULL, '2020/4/4'),
    (951, 594, 'Uscita', -9468, NULL, '2020/9/18'),
    (952, 594, 'Uscita', -1999, NULL, '2021/4/9'),
    (953, 594, 'Uscita', -16545, NULL, '2022/3/7'),
    (954, 594, 'Uscita', -7696, NULL, '2021/7/10'),
    (955, 594, 'Uscita', -9995, NULL, '2019/10/20'),
    (956, 594, 'Uscita', -3887, NULL, '2019/4/12'),
    (957, 594, 'Uscita', -6193, NULL, '2019/10/16'),
    (958, 594, 'Uscita', -10206, NULL, '2020/11/25'),
    (959, 594, 'Uscita', -6742, NULL, '2021/7/19'),
    (960, 594, 'Uscita', -17807, NULL, '2021/4/5'),
    (961, 594, 'Uscita', -17577, NULL, '2019/1/5'),
    (962, 594, 'Uscita', -3457, NULL, '2022/3/4'),
    (963, 594, 'Uscita', -1600, NULL, '2020/8/19'),
    (964, 594, 'Uscita', -1937, NULL, '2021/4/7'),
    (965, 594, 'Uscita', -14832, NULL, '2019/2/14'),
    (966, 594, 'Uscita', -14865, NULL, '2020/4/3'),
    (967, 594, 'Uscita', -14414, NULL, '2022/3/20'),
    (968, 594, 'Uscita', -17292, NULL, '2021/3/11'),
    (969, 594, 'Uscita', -18388, NULL, '2021/7/6'),
    (970, 594, 'Uscita', -19650, NULL, '2020/2/19'),
    (971, 594, 'Uscita', -3691, NULL, '2019/3/11'),
    (972, 594, 'Uscita', -6269, NULL, '2021/2/20'),
    (973, 594, 'Uscita', -17268, NULL, '2021/7/2'),
    (974, 594, 'Uscita', -8515, NULL, '2020/3/11'),
    (975, 594, 'Uscita', -2446, NULL, '2020/6/21'),
    (976, 594, 'Uscita', -12371, NULL, '2020/6/11'),
    (977, 594, 'Uscita', -16603, NULL, '2022/6/10'),
    (978, 594, 'Uscita', -9894, NULL, '2021/4/21'),
    (979, 594, 'Uscita', -13703, NULL, '2019/12/26'),
    (980, 594, 'Uscita', -1101, NULL, '2021/11/4'),
    (981, 594, 'Uscita', -7836, NULL, '2022/1/2'),
    (982, 594, 'Uscita', -7482, NULL, '2019/1/9'),
    (983, 594, 'Uscita', -6706, NULL, '2019/3/1'),
    (984, 594, 'Uscita', -9026, NULL, '2019/5/4'),
    (985, 594, 'Uscita', -18077, NULL, '2021/7/10'),
    (986, 594, 'Uscita', -15064, NULL, '2020/12/14'),
    (987, 594, 'Uscita', -11905, NULL, '2019/10/20'),
    (988, 594, 'Uscita', -17639, NULL, '2019/8/24'),
    (989, 594, 'Uscita', -7847, NULL, '2021/2/20'),
    (990, 594, 'Uscita', -12933, NULL, '2021/8/2'),
    (991, 594, 'Uscita', -16166, NULL, '2019/11/19'),
    (992, 594, 'Uscita', -16901, NULL, '2020/1/14'),
    (993, 594, 'Uscita', -12828, NULL, '2021/3/5'),
    (994, 594, 'Uscita', -4305, NULL, '2020/6/10'),
    (995, 594, 'Uscita', -16620, NULL, '2020/9/23'),
    (996, 594, 'Uscita', -1823, NULL, '2019/12/21'),
    (997, 594, 'Uscita', -2870, NULL, '2021/3/3'),
    (998, 594, 'Uscita', -1126, NULL, '2020/8/5'),
    (999, 594, 'Uscita', -14832, NULL, '2020/12/24'),
    (1000, 594, 'Uscita', -16114, NULL, '2020/8/27'),
    (1001, 594, 'Uscita', -4062, NULL, '2020/1/20'),
    (1002, 594, 'Uscita', -12736, NULL, '2021/6/28'),
    (1003, 594, 'Uscita', -13344, NULL, '2022/8/22'),
    (1004, 594, 'Uscita', -13234, NULL, '2022/12/28'),
    (1005, 594, 'Uscita', -2123, NULL, '2022/12/28'),
    (1006, 594, 'Uscita', -10878, NULL, '2020/11/27'),
    (1007, 594, 'Uscita', -3187, NULL, '2019/4/13'),
    (1008, 594, 'Uscita', -9313, NULL, '2021/11/27'),
    (1009, 594, 'Uscita', -7859, NULL, '2021/6/3'),
    (1010, 594, 'Uscita', -16608, NULL, '2022/7/5'),
    (1011, 594, 'Uscita', -5832, NULL, '2022/6/18'),
    (1012, 594, 'Uscita', -9097, NULL, '2019/1/12'),
    (1013, 594, 'Uscita', -7248, NULL, '2020/5/27'),
    (1014, 594, 'Uscita', -17068, NULL, '2020/11/10'),
    (1015, 594, 'Uscita', -7665, NULL, '2021/1/19'),
    (1016, 594, 'Uscita', -5137, NULL, '2022/1/12'),
    (1017, 594, 'Uscita', -1984, NULL, '2022/5/7'),
    (1018, 594, 'Uscita', -2523, NULL, '2021/4/13'),
    (1019, 594, 'Uscita', -7114, NULL, '2020/5/23'),
    (1020, 594, 'Uscita', -11399, NULL, '2020/9/16'),
    (1021, 594, 'Entrata', 6417, NULL, '2022/7/27'),
    (1022, 594, 'Entrata', 1500, NULL, '2022/9/9'),
    (1023, 594, 'Entrata', 6601, NULL, '2022/11/1'),
    (1024, 594, 'Entrata', 2030, NULL, '2020/3/1'),
    (1025, 594, 'Entrata', 13260, NULL, '2021/1/28'),
    (1026, 594, 'Entrata', 2725, NULL, '2022/8/7'),
    (1027, 594, 'Entrata', 19050, NULL, '2019/7/27'),
    (1028, 594, 'Entrata', 15889, NULL, '2021/5/22'),
    (1029, 594, 'Entrata', 8483, NULL, '2020/2/1'),
    (1030, 594, 'Entrata', 8732, NULL, '2021/11/13'),
    (1031, 594, 'Entrata', 9213, NULL, '2020/6/19'),
    (1032, 594, 'Entrata', 6273, NULL, '2021/6/7'),
    (1033, 594, 'Entrata', 18951, NULL, '2020/9/8'),
    (1034, 594, 'Entrata', 10098, NULL, '2019/9/9'),
    (1035, 594, 'Entrata', 19106, NULL, '2019/12/16'),
    (1036, 594, 'Entrata', 17752, NULL, '2022/2/1'),
    (1037, 594, 'Entrata', 12166, NULL, '2019/9/16'),
    (1038, 594, 'Entrata', 10523, NULL, '2021/8/28'),
    (1039, 594, 'Entrata', 12036, NULL, '2021/12/20'),
    (1040, 594, 'Entrata', 3392, NULL, '2022/6/9'),
    (1041, 594, 'Entrata', 8492, NULL, '2022/1/25'),
    (1042, 594, 'Entrata', 6578, NULL, '2022/10/6'),
    (1043, 594, 'Entrata', 3205, NULL, '2022/3/14'),
    (1044, 594, 'Entrata', 17315, NULL, '2021/3/4'),
    (1045, 594, 'Entrata', 8302, NULL, '2020/3/2'),
    (1046, 594, 'Entrata', 12702, NULL, '2019/2/18'),
    (1047, 594, 'Entrata', 13146, NULL, '2021/1/1'),
    (1048, 594, 'Entrata', 8471, NULL, '2022/12/12'),
    (1049, 594, 'Entrata', 14382, NULL, '2019/6/11'),
    (1050, 594, 'Entrata', 3808, NULL, '2022/5/21'),
    (1051, 594, 'Entrata', 13488, NULL, '2019/2/4'),
    (1052, 594, 'Entrata', 3028, NULL, '2021/1/22'),
    (1053, 594, 'Entrata', 3496, NULL, '2021/11/1'),
    (1054, 594, 'Entrata', 9610, NULL, '2022/8/27'),
    (1055, 594, 'Entrata', 8053, NULL, '2022/9/11'),
    (1056, 594, 'Entrata', 2371, NULL, '2022/4/14'),
    (1057, 594, 'Entrata', 19426, NULL, '2019/8/8'),
    (1058, 594, 'Entrata', 18719, NULL, '2022/5/16'),
    (1059, 594, 'Entrata', 15371, NULL, '2019/11/14'),
    (1060, 594, 'Entrata', 9660, NULL, '2021/10/22'),
    (1061, 594, 'Entrata', 14899, NULL, '2019/12/5'),
    (1062, 594, 'Entrata', 16203, NULL, '2020/10/18'),
    (1063, 594, 'Entrata', 5310, NULL, '2021/4/15'),
    (1064, 594, 'Entrata', 9506, NULL, '2022/10/26'),
    (1065, 594, 'Entrata', 14899, NULL, '2020/7/8'),
    (1066, 594, 'Entrata', 12642, NULL, '2022/8/5'),
    (1067, 594, 'Entrata', 14262, NULL, '2019/11/10'),
    (1068, 594, 'Entrata', 3936, NULL, '2019/10/11'),
    (1069, 594, 'Entrata', 19143, NULL, '2019/6/26'),
    (1070, 594, 'Entrata', 8461, NULL, '2020/10/19'),
    (1071, 594, 'Entrata', 7663, NULL, '2022/3/18'),
    (1072, 594, 'Entrata', 2666, NULL, '2021/5/28'),
    (1073, 594, 'Entrata', 9046, NULL, '2021/2/6'),
    (1074, 594, 'Entrata', 19910, NULL, '2022/8/21'),
    (1075, 594, 'Entrata', 3508, NULL, '2022/12/10'),
    (1076, 594, 'Entrata', 6400, NULL, '2019/8/18'),
    (1077, 594, 'Entrata', 19233, NULL, '2020/3/2'),
    (1078, 594, 'Entrata', 4817, NULL, '2020/12/20'),
    (1079, 594, 'Entrata', 3336, NULL, '2019/9/27'),
    (1080, 594, 'Entrata', 15731, NULL, '2019/2/14'),
    (1081, 594, 'Entrata', 19919, NULL, '2020/6/10'),
    (1082, 594, 'Entrata', 14477, NULL, '2021/8/13'),
    (1083, 594, 'Entrata', 12803, NULL, '2019/12/3'),
    (1084, 594, 'Entrata', 8287, NULL, '2020/12/8'),
    (1085, 594, 'Entrata', 2383, NULL, '2020/6/7'),
    (1086, 594, 'Entrata', 3591, NULL, '2021/10/18'),
    (1087, 594, 'Entrata', 19040, NULL, '2020/9/22'),
    (1088, 594, 'Entrata', 11509, NULL, '2020/3/14'),
    (1089, 594, 'Entrata', 19134, NULL, '2021/5/22'),
    (1090, 594, 'Entrata', 9030, NULL, '2019/11/3'),
    (1091, 594, 'Entrata', 2721, NULL, '2021/10/24'),
    (1092, 594, 'Entrata', 5469, NULL, '2022/5/1'),
    (1093, 594, 'Entrata', 5552, NULL, '2022/5/19'),
    (1094, 594, 'Entrata', 9077, NULL, '2022/4/9'),
    (1095, 594, 'Entrata', 19357, NULL, '2021/2/19'),
    (1096, 594, 'Entrata', 15439, NULL, '2021/6/25'),
    (1097, 594, 'Entrata', 6731, NULL, '2022/4/13'),
    (1098, 594, 'Entrata', 6758, NULL, '2020/11/21'),
    (1099, 594, 'Entrata', 18881, NULL, '2019/2/5'),
    (1100, 594, 'Entrata', 15757, NULL, '2020/3/21'),
    (1101, 594, 'Entrata', 8224, NULL, '2019/9/11'),
    (1102, 594, 'Entrata', 13491, NULL, '2019/6/19'),
    (1103, 594, 'Entrata', 7609, NULL, '2022/4/18'),
    (1104, 594, 'Entrata', 11038, NULL, '2021/12/3'),
    (1105, 594, 'Entrata', 13922, NULL, '2019/1/24'),
    (1106, 594, 'Entrata', 11113, NULL, '2019/10/13'),
    (1107, 594, 'Entrata', 18194, NULL, '2020/7/1'),
    (1108, 594, 'Entrata', 12808, NULL, '2019/11/27'),
    (1109, 594, 'Entrata', 18451, NULL, '2019/3/27'),
    (1110, 594, 'Entrata', 17369, NULL, '2021/5/25'),
    (1111, 594, 'Entrata', 10573, NULL, '2020/1/3'),
    (1112, 594, 'Entrata', 15364, NULL, '2021/9/18'),
    (1113, 594, 'Entrata', 8788, NULL, '2021/12/15'),
    (1114, 594, 'Entrata', 19017, NULL, '2021/5/26'),
    (1115, 594, 'Entrata', 2197, NULL, '2022/5/13'),
    (1116, 594, 'Entrata', 6571, NULL, '2020/1/16'),
    (1117, 594, 'Entrata', 7947, NULL, '2021/2/7'),
    (1118, 594, 'Entrata', 4081, NULL, '2019/10/10'),
    (1119, 594, 'Entrata', 1572, NULL, '2019/2/2'),
    (1120, 594, 'Entrata', 7032, NULL, '2022/6/22');

--INSERIMENTO TABELLA RETRIBUZIONI
INSERT INTO Retribuzioni (id_trz, id_dip)
VALUES

    --Dipendenti della sede 389 
    (19, 212),
    (20, 119),
    (21, 690),
    (22, 333),
    (23, 787),
    (24, 173),

    --Dipendenti della sede 437
    (43, 423),
    (44, 777),
    (45, 111),
    (46, 677),
    (47, 123),
    (48, 347),

    --Dipendenti della sede 594
    (67, 675),
    (68, 723),
    (69, 309),
    (70, 334),
    (71, 432),
    (72, 789),

    --Dipendenti della sede 239
    (91, 764),
    (92, 609),
    (93, 543),
    (94, 124),
    (95, 444),
    (96, 989),

    --Dipendenti della sede 312
    (115, 234),
    (116, 420),
    (117, 890),
    (118, 999),
    (119, 998), 
    (120, 511);

--INSERIMENTO TABELLA CLIENTE
INSERT INTO Cliente(p_iva, nome_azienda)
VALUES
    ('26585340701', 'Idro Software'),
    ('76630840890', 'Software Guru'),
    ('79833500295', 'Immobili Compatto'),
    ('18727650444', 'Deutch Reporter'),
    ('25811980355', 'Nebula Zurich'),
    ('22337910206', 'Well Food'),
    ('56720480328', 'ACE Chemicals'),
    ('48503850165', 'Super Track'),
    ('70779410680', 'Marte Progetti'),
    ('38481280865', 'Falcone Industries');

--INSERIMENTO TABELLA ACCORDO
INSERT INTO Accordo (id_dip, p_iva)
VALUES
    (675, '26585340701'),
    (589, '18727650444'),
    (589, '22337910206'),
    (420, '48503850165'),
    (281, '56720480328'),
    (281, '25811980355');

--INSERIMENTO TABELLA VALUTAZIONE
INSERT INTO Valutazione (id_dip, id_prog, esito)
VALUES
    (423, 4239, TRUE),
    (234, 1028, TRUE),
    (989, 3943, TRUE),
    (699, 5487, TRUE),
    (865, 8912, TRUE),
    (989, 5634, TRUE),
    (677, 9183, TRUE),
    (677, 2742, TRUE),
    (698, 9302, FALSE),
    (423, 6923, FALSE),
    (234, 4942, FALSE),
    (989, 9455, FALSE),
    (699, 7738, FALSE),
    (423, 3473, FALSE),
    (423, 9832, FALSE),
    (423, 2811, FALSE);

--INSERIMENTO TABELLA ASSEGNAZIONE
INSERT INTO Assegnazione (id_dip, id_modulo)
VALUES
    (543 ,92610),
    (543 ,70751),
    (543, 60255),
    (677, 99282),
    (677, 51127),
    (334, 30592),
    (334, 57608),
    (124, 41940),
    (979, 34745),
    (334, 51404),
    (334, 96485),
    (124, 25447),
    (124, 92610),
    (979, 94768),
    (124, 25401),

    --ASSEGNAZIONE SVILUPPATORI

    (212, 92610),
    (212, 30592),
    (212, 43392),
    (764, 34745),
    (764, 63351),
    (119, 63351),
    (723, 41202),
    (723, 12900),
    (723, 69420),
    (999, 65628),
    (999, 11343),
    (123, 50558),
    (432, 69633),
    (444, 25401),
    (998, 65628),
    (998, 88045),
    (998, 34745),
    (611, 30592),
    (511, 26517);


--INSERIMENTO TABELLA TEST
INSERT INTO Test(id_test, id_dip, id_modulo)
VALUES
	(467466, 690, 92610),
	(636189, 690, 92610),
	(217119, 690, 92610),
	(487006, 690, 70751),
	(199399, 690, 70751),
	(750431, 690, 70751),
	(614922, 690, 26517),
	(585621, 690, 26517),
	(844846, 690, 26517),
	(815604, 690, 60255),
	(100831, 690, 60255),
	(239918, 690, 60255),
	(172797, 690, 96596),
	(478477, 690, 96596),
	(906970, 690, 96596),
	(650279, 690, 99282),
	(651983, 690, 99282),
	(504155, 690, 99282),
	(373964, 690, 43392),
	(903187, 690, 43392),
	(359898, 111, 43392),
	(851818, 111, 51127),
	(705263, 111, 51127),
	(658794, 111, 51127),
	(189554, 111, 47610),
	(658711, 111, 47610),
	(285786, 111, 47610),
	(945489, 111, 30592),
	(273387, 111, 30592),
	(613455, 111, 30592),
	(370863, 111, 21476),
	(284289, 111, 21476),
	(649148, 111, 21476),
	(649638, 111, 57608),
	(721554, 111, 57608),
	(987575, 111, 57608),
	(771646, 111, 85126),
	(893393, 111, 85126),
	(363477, 111, 85126),
	(457752, 111, 42859),
	(494387, 333, 42859),
	(402720, 333, 42859),
	(972750, 333, 41940),
	(686046, 333, 41940),
	(275812, 333, 41940),
	(959515, 333, 34954),
	(878282, 333, 34954),
	(327747, 333, 34954),
	(663395, 333, 63351),
	(282456, 333, 63351),
	(130010, 333, 63351),
	(543720, 333, 38568),
	(655535, 333, 38568),
	(779094, 333, 38568),
	(376876, 333, 11343),
	(668355, 333, 11343),
	(780022, 333, 11343),
	(431098, 333, 34745),
	(681077, 333, 34745),
	(453380, 333, 34745),
	(138165, 787, 86161),
	(627907, 787, 86161),
	(139626, 787, 86161),
	(831458, 787, 82973),
	(966042, 787, 82973),
	(611020, 787, 82973),
	(868749, 787, 88045),
	(833350, 787, 88045),
	(880426, 787, 88045),
	(727645, 787, 41202),
	(313220, 787, 41202),
	(945267, 787, 41202),
	(865631, 787, 43103),
	(158894, 787, 43103),
	(795334, 787, 43103),
	(793201, 787, 51404),
	(615561, 787, 51404),
	(494106, 787, 51404),
	(232271, 787, 25447),
	(961845, 787, 25447),
	(174134, 789, 25447),
	(951196, 789, 96485),
	(266803, 789, 96485),
	(673230, 789, 96485),
	(371148, 789, 50558),
	(514760, 789, 50558),
	(413999, 789, 50558),
	(290703, 789, 12900),
	(623570, 789, 12900),
	(340776, 789, 12900),
	(104667, 789, 88449),
	(904788, 789, 88449),
	(138479, 789, 88449),
	(990545, 789, 82132),
	(323931, 789, 82132),
	(915827, 789, 82132),
	(115658, 789, 82194),
	(964322, 789, 82194),
	(912597, 789, 82194),
	(813952, 789, 65102),
	(307376, 595, 65102),
	(155545, 595, 65102),
	(589341, 595, 69633),
	(396636, 595, 69633),
	(947733, 595, 69633),
	(372498, 595, 94768),
	(997099, 595, 94768),
	(163291, 595, 94768),
	(192817, 595, 69420),
	(367964, 595, 69420),
	(612878, 595, 69420),
	(774929, 595, 74354),
	(496843, 595, 74354),
	(987194, 595, 74354),
	(476794, 595, 25401),
	(866969, 595, 25401),
	(388660, 595, 25401),
	(376659, 595, 65628),
	(875645, 595, 65628),
	(490658, 595, 65628);

--INSERIMENTO TABELLA CONTRATTO
INSERT INTO Contratto (id_contratto, p_iva, id_dip, descrizione, data_firma)
VALUES
    (1, '26585340701', 309, 'Contratto stipulato per la creazione di un sito web e web app', '2019-11-4'),
    (2, '18727650444', 609, 'Contratto firmato dalle due parti per lo sviluppo di un software gestionale', '2022-1-22'),
    (3, '22337910206', 609, 'Contratto di estensione partnership fino al 2024', '2019-5-15'),
    (4, '48503850165', 890, 'Partnership stretta con azienda per 2 anni', '2022-3-2'),
    (5, '56720480328', 173, 'Contratto di produzione silicio per chip', '2009-4-12'),
    (6, '25811980355', 173, 'Contratto per collaborazione sul software gestionale NEXTOR', '2022-1-21');